0.08099035	0.1047280703	-0.0633629069	0.0137223095	-0.0599426121	-0.0360654619	0.0173649705	0.0764711047	0.0764686849	0.07646465200000001	0.076459006	-0.029810700000000002	-0.042973800000000006	-0.026861700000000002	0.000288076	-0.00253921	0.00019240099999999998
0.0184414	0.029361346	-0.0577826165	-0.050963817	0.0467997071	0.0084136721	-0.0666068498	0.07646465200000001	0.0764428754	0.0764065858	0.0763557899	-0.0298252	-0.0429724	-0.0351449	0.000288076	-0.00253921	0.000395247
0.019737300000000013	-0.0237083075	-0.0575989989	-0.030751129300000006	-0.021189157200000003	0.0371408697	0.0730812231	0.0764517471	0.07639126519999999	0.0762904975	0.0761494972	-0.029805	-0.042973800000000006	-0.0414563	0.000288076	-0.00247397	0.00019240099999999998
0.05735294000000001	0.0205116097	0.0319351725	0.0130823663	-0.0213871533	-0.0209379367	-0.026532616	0.0764323912	0.0763138717	0.0761164753	0.07584040610000001	-0.036894699999999996	-0.0283605	-0.00906836	0.000288076	-0.00253921	0.00019240099999999998
0.11749647	-0.0102414761	0.02704271	0.0655259933	0.0958026089	0.0041905208	0.0011465383	0.0764065858	0.0762107209	0.0758846513	0.0754289341	-0.0560365	-0.00237437	0.0134639	-3.770760000000001e-05	-0.00262428	-0.000393471
0.10307456	-0.0122454551	-0.0124745089	0.0120134756	-0.0249135537	-0.0568163196	0.08917664859999999	0.0763743332	0.0760818478	0.0755952016	0.0749156366	-0.056039099999999994	-0.00238075	-0.0228807	0.0008122689999999999	-0.00245897	-7.4338e-05
0.10650119	-0.0525499457	0.0099946846	0.009905663	0.0342115981	-0.0762021356	0.0650929542	0.076335636	0.0759272958	0.075248346	0.0743012064	-0.0393915	0.00552049	-0.00640069	-1.6753799999999995e-05	-0.0020664999999999998	-0.000162292
0.10003188	-0.001078008	0.0573358367	-0.0276752704	-0.047533219800000005	0.005664075699999999	0.0561962911	0.0762904975	0.075747117	0.0748443478	0.0735864732	-0.0353832	-0.036976800000000004	-0.0127099	4.5327799999999997e-05	-0.00118424	-0.000162292
0.05246785	0.0145803796	-0.049471264	-0.0037490289	0.0087674146	0.0361640167	-0.0194205161	0.0762389216	0.0755413723	0.0743835138	0.0727724016	-0.0320938	-0.0369962	0.00984616	-0.000166412	-0.00150456	-0.000162292
0.08623674	-0.06635122639999999	0.0632700623	0.0270209194	-0.0879726595	-0.0032777279	-0.045859654900000005	0.0761809126	0.0753101311	0.0738661941	0.0718600907	0.00286458	-0.0584649	0.00225505	0.00017680900000000002	-0.00140341	-0.000162292
0.03669358	0.005343119	0.0802611678	-0.0494115918	-0.051782977	-0.0054512939	0.040035458	0.0761164753	0.07505347150000001	0.07329278139999999	0.0708507721	0.00288431	-0.0541294	-0.0127666	0.000145372	-0.00142234	0.000133675
0.07364624	-0.0133533585	-0.0652403709	-0.0176302783	-0.0424325813	-0.064630937	0.0391910883	0.07604561530000001	0.0747714801	0.0726637112	0.0697458083	0.0125257	-0.0584769	-0.0292444	0.00038614199999999996	-0.00110183	0.00043598599999999997
0.12182125	-0.086185938	0.0188264569	-0.0047230716	-0.0317126507	-0.0147267067	-0.0574456737	0.0759683385	0.0744642521	0.0719794612	0.0685466909	0.0190882	-0.0362195	-0.0127705	0.00038614199999999996	-7.8725e-05	-7.1458e-05
0.09254244	0.0333917754	0.0193238055	-0.0513047101	-0.0268316983	0.0553454611	0.1103117894	0.0758846513	0.0741318911	0.071240551	0.0672550387	0.00295879	0.0028101999999999997	0.0192025	0.00038614199999999996	2.94816e-05	-7.1458e-05
0.049528450000000016	-0.1027360922	-0.038502122400000005	-0.0116803477	-0.0098956482	0.0194931081	-0.0050381505	0.075794561	0.07377450940000001	0.0704475418	0.0658725953	0.0029555999999999996	-0.014427700000000003	0.028099000000000002	0.00052592	-0.000152019	7.508060000000001e-05
0.042012295	0.0131162253	0.0608723798	-0.0275363714	-0.0607992262	0.092528147	0.0234579892	0.0756980751	0.0733922276	0.06960103570000001	0.0644012271	0.00295939	0.00280911	0.0194449	0.000323173	-7.8725e-05	2.8769699999999997e-05
0.078989625	0.1081696777	0.0036635443	0.0092534765	-0.0575241666	0.074609541	-0.08434051599999999	0.0755952016	0.0729851746	0.0687016755	0.0628429202	-0.0134392	-0.018279300000000002	-0.00576524	0.00038614199999999996	-0.000241378	-7.1458e-05
0.0431125655	0.07453677339999999	0.0205490003	0.112753229	-0.0112235227	0.0396053159	-0.0258438204	0.0754859494	0.072553488	0.0677501442	0.0611997783	-0.0211178	-0.023827900000000003	0.000428569	1.62487e-06	-0.00015206399999999999	-7.1458e-05
0.07662287450000001	0.0213391248	0.0851531682	0.0847635681	0.0254029438	-0.0625701604	-0.035392429100000004	0.0753703276	0.07209731330000001	0.0667471644	0.0594740196	-0.0282495	-0.0238675	0.0274296	-0.000305217	-7.8725e-05	-0.000540288
0.13623120999999996	0.0595706909	0.0725503799	-0.0496966184	-0.0086714894	0.0295490818	0.0488711068	0.075248346	0.0716168046	0.0656934978	0.0576679738	-0.055216699999999994	-0.00202634	0.041105800000000005	-0.0007392899999999998	0.0004953630000000001	-0.00100706
0.68012859	-0.0043358768	-0.1586404323	-0.006590819699999999	0.2889330023	0.0181124036	-0.1185522617	0.07512001480000001	0.071112124	0.0645899444	0.0557840789	-0.187996	0.0932262	0.195859	0.000559024	0.00343627	-0.00271471
0.31328059999999996	-0.1399433971	-0.0323590748	-0.0668862009	0.2488565884	-0.0526360788	-0.133191825	0.074985345	0.0705834418	0.0634373424	0.0538248781	-0.153541	0.0849873	0.224951	-0.00170209	0.00494623	-0.00377353
0.4325009500000001	0.003998079	0.0213076098	-0.0501036959	-0.0327442599	-0.0072620514	0.0502363429	0.0748443478	0.0700309366	0.06223656690000001	0.0517930163	-0.09675750000000001	0.0292167	0.104671	-0.000494913	0.00375509	-0.00217851
0.030918	0.0367434651	-0.0571200117	0.0019138297	0.0192398658	-0.0400134543	-0.0183368071	0.0746970351	0.06945479480000001	0.06098852990000001	0.0496912363	-0.08964529999999997	0.029276299999999998	0.104645	-0.00048285900000000003	0.00378267	-0.00174374
0.059562000000000004	-0.0863682965	-0.0937790353	0.0243212334	-0.0192392968	-0.0210444914	-0.038730581	0.0745434195	0.0688552108	0.059694179000000014	0.0475223755	-0.0828904	0.0292714	0.0994347	-0.000870097	0.00351679	-0.00144502
0.03806895	-0.0120437274	-0.0029639628000000004	0.0075416547	-0.0004039089	0.0752322446	-0.095687865	0.0743835138	0.068232387	0.0583544972	0.0452893617	-0.07485239999999999	0.029259500000000008	0.0818948	-0.00103474	0.00352861	-0.0013719000000000001
0.05402660000000002	0.0370171578	0.0305739883	0.0745506789	0.0028888657	0.055369723200000005	-0.0919954111	0.0742173316	0.0675865336	0.0569705018	0.042995209400000005	-0.0840438	0.0252093	0.0922173	-0.00129169	0.00325185	-0.00144744
0.04318740000000002	0.0385701037	0.0601762216	0.0661786252	0.0456091272	0.0256823527	-0.0616686114	0.0740448868	0.06691786870000001	0.0555432438	0.0406430156	-0.071245	0.012027600000000001	0.07923339999999998	-0.00128277	0.00325185	-0.0013719000000000001
0.025517500000000002	0.0584041066	0.0272033901	-0.0013301536	0.0095399072	0.0741794623	0.0664560822	0.0738661941	0.0662266179	0.054073807	0.0382359556	-0.0718487	0.0184187	0.0853546	-0.00103474	0.00325185	-0.0013719000000000001
0.05985014999999999	-0.0470551053	-0.0796192602	-0.0119281521	-0.0193537043	-0.034248784500000004	0.0461073942	0.0736812685	0.0655130144	0.0525633074	0.0357772789	-0.069052	0.0295363	0.08708350000000001	-0.00118219	0.00290308	-0.000983981
0.06863119999999996	-0.0502495756	-0.0643321818	0.014952741100000003	-0.020303508	-0.0161280286	0.0391328052	0.0734901255	0.0647772993	0.0510128919	0.0332703046	-0.07317959999999997	0.029043400000000007	0.0662537	-0.000773731	0.00297032	-0.0013719000000000001
0.07099295	-0.0279380349	-0.019974298600000003	0.0331062396	-0.06023876440000001	-0.083299039	-0.0553570936	0.07329278139999999	0.0640197207	0.049423738	0.0307184169	-0.0726428	0.018773400000000003	0.0781405	-0.0009742860000000001	0.00260699	-0.000969798
0.0217193	-0.0064595394	0.0250706452	-0.0210358706	-0.0139381707	0.0035734935	-0.0603831963	0.0730892528	0.0632405343	0.0477970523	0.0281250608	-0.0776665	0.0213162	0.0806645	-0.00103474	0.00252232	-0.00105725
0.058824700000000014	0.0246465384	0.0453407666	-0.0004599768	-0.0079889137	0.0254640404	-0.0200341038	0.0728795568	0.0624400033	0.0461340703	0.0254937371	-0.07701769999999998	0.0120307	0.0660256	-0.00134142	0.00245862	-0.0013719000000000001
0.04674249999999998	0.0604569897	0.062385083	0.099848116	-0.0057741749	-0.0460490763	0.0380426713	0.0726637112	0.0616183977	0.0444360547	0.0228279981	-0.0810028	0.0120102	0.08297649999999998	-0.00145415	0.00205563	-0.0013719000000000001
0.03200199999999999	-0.0024881415	0.0547996393	-0.0235453302	0.0344772575	0.0074723953	0.1044313799	0.0724417342	0.0607759948	0.0427042949	0.0201314424	-0.09663680000000001	0.0120102	0.0877345	-0.00145415	0.00228783	-0.0013719000000000001
0.027485800000000032	-0.0291328278	0.0020265543	-0.019330986100000003	0.0649787597	0.0227385487	0.0408704305	0.0722136444	0.0599130791	0.0409401062	0.0174077102	-0.0966572	0.0120238	0.08008469999999998	-0.0012925999999999999	0.00252232	-0.0013719000000000001
0.08339730000000001	0.0340957623	0.0293601878	-0.0285254852	-0.0069068883	0.0197629347	0.0092173454	0.0719794612	0.0590299417	0.0391448281	0.0146604784	-0.0552368	0.0121173	0.07738989999999997	-0.000841368	0.00218978	-0.0013719000000000001
0.10954260000000003	0.0100619246	0.0315589649	-0.050462234800000005	-0.0074241518999999985	-0.0440215958	0.0899990655	0.0717392043	0.058126880599999986	0.0373198239	0.0118934557	-0.0723145	0.012131	0.029385900000000006	-0.0006698839999999999	0.00156506	-0.00146464
0.08536384999999998	0.017747492099999998	0.0174380509	-0.044817217	-0.0395298352	-0.0518387441	0.026991900000000003	0.071492894	0.0572042008	0.0354664796	0.0091103773	-0.07776960000000001	0.00318505	0.060117399999999994	-0.00088938	0.00199293	-0.0016219000000000001
0.04898827	0.0536793285	-0.008696253499999999	-0.04653992480000002	-0.0714145672	-0.04101357	0.0052182466	0.071240551	0.056262213600000006	0.0335862026	0.0063150004	-0.0817692	-0.00443022	0.0525995	-0.00123649	0.00199293	-0.0013719000000000001
0.028698880000000006	0.0455541335	0.0412526899	-0.0274952076	-0.08230394440000001	0.00458265	-0.0296604555	0.0709821967	0.055301237	0.0316804206	0.0035110985	-0.0874669	-0.0140012	0.0572302	-0.0011145800000000002	0.00193885	-0.0013719000000000001
0.11384647	0.0273392489	0.027372104100000003	-0.0022220115	-0.0455501708	-0.0323461526	-0.0549927308	0.0707178529	0.0543215953	0.0297505811	0.0007024567999999999	-0.0762115	0.00308112	0.020287599999999996	-0.0007990569999999999	0.00164624	-0.0017350899999999995
0.15109616999999995	-0.0294440137	0.0295897269	-0.0448593397	-0.0358518145	-0.0424613729	-0.0118094555	0.0704475418	0.0533236191	0.0277981493	-0.0021071332000000003	-0.0724187	-0.014025799999999998	0.0641904	-0.00145415	0.00235383	-0.0013719000000000001
0.044051740000000006	-0.0114360908	0.0353582384	-0.0208436777	0.0209913791	-0.0081473875	0.0372936143	0.0701712863	0.0523076453	0.025824608	-0.0049138787	-0.07239099999999997	0.00165544	0.07448819999999999	-0.00145415	0.00199293	-0.0013719000000000001
0.07960706	-0.0458607639	-0.0271782533	-0.0016435322	0.054458509800000006	-0.0048680744	0.0718422931	0.0698891096	0.0512740168	0.0238314558	-0.0077139906999999985	-0.0460958	0.021473500000000003	0.0840955	-0.00170786	0.00221695	-0.0013719000000000001
0.0954642	-0.0464551466	-0.045257752000000005	-0.0081514102	0.0281953548	-0.0377449664	0.0620960685	0.06960103570000001	0.0502230825	0.0218202064	-0.0105036891	-0.0479452	0.0150845	0.042829400000000004	-0.000814646	0.00224293	-0.0013719000000000001
0.03727099999999999	-0.035802947	-0.052845356	0.016228881299999998	-0.0399881261	-0.0392097447	0.0009918182	0.0693070887	0.0491551971	0.0197923871	-0.013279208	-0.049474300000000006	0.014057399999999998	0.0520549	-0.0009044319999999999	0.00245445	-0.00116342
0.03836560000000002	-0.0003260006	-0.0342767116	0.0608937992	-0.0693575696	0.0362067609	0.0430603121	0.0690072935	0.0480707209	0.0177495376	-0.0160368007	-0.0462784	0.010312799999999999	0.0578086	-0.00136086	0.00245271	-0.00110816
0.0621244	0.022109059500000004	-0.0535716294	0.0139530667	-0.08460227890000001	-0.010700918	0.0402581988	0.0687016755	0.0469700201	0.015693209399999998	-0.0187727444	-0.0320643	-0.008847399999999998	0.04942390000000002	-0.00145415	0.00240275	-0.000844102
0.1966422	0.0107112674	-0.0232860448	0.0253263709	0.0040693362	0.0870473197	0.033993323900000004	0.0683902603	0.0458534661	0.0136249641	-0.0214833458	-0.032010000000000004	0.035181	0.103127	-0.00249366	0.00199293	-0.0013719000000000001
0.05142049999999999	-0.0119379267	-0.025519727	0.0236286909	0.0544414278	0.0356974523	-0.0535976936	0.0680730743	0.0447214358	0.0115463721	-0.0241649457	-0.0378817	0.0288682	0.103128	-0.00191018	0.00199293	-0.00117068
0.130253114	-0.0019174515	-0.029279809	0.0546057172	-0.05447081	0.0162176584	-0.0374763809	0.0677501442	0.0435743112	0.0094590119	-0.026813924	-0.0640383	-0.000597214	0.07556339999999999	-0.00156231	0.00199293	-0.00176414
0.07684941400000002	-0.0046974679	0.0153172342	-0.013723318	-0.0110922417	0.0115298672	0.0438417987	0.06742149730000001	0.0424124796	0.0073644687	-0.0294267048	-0.0348386	0.0112098	0.0853801	-0.00157097	0.00211255	-0.0013719000000000001
0.4943270000000001	-0.0911495059	-0.0580753297	-0.025163146400000003	0.3796572253	0.15688952779999998	0.0526790264	0.0670871613	0.0412363331	0.005264333100000001	-0.031999761	-0.074175	0.13631300000000002	0.250767	-0.00299039	0.00320643	-0.00214861
0.30897430000000004	0.008763486	0.03710431	-0.008525374	0.00030589720000000003	0.0371830604	-0.074784068	0.0667471644	0.0400462686	0.0031601998	-0.0345296189	-0.06954199999999999	0.051360199999999995	0.12998800000000002	-0.00244974	0.00199293	-0.00193057
0.05350679999999999	-0.0214734611	0.0484131905	0.021374771	0.0027730007	-0.0216337301	-0.0585329641	0.0664015354	0.0388426879	0.0010536666	-0.0370128635	-0.0792652	0.0421121	0.13003900000000002	-0.00221959	0.00245247	-0.00193057
0.06586509999999997	-0.0056706035	0.0021475098	0.048103073	-0.0415202791	-0.1166240665	-0.086104104	0.0660503033	0.037625997	-0.0010536666	-0.0394461425	-0.07048489999999999	0.0421709	0.10952	-0.00179057	0.00215135	-0.00193057
0.08013580000000001	-0.0034694543	-0.0064905361	0.0169049026	-0.0006596856	-0.017293571100000002	0.0977537236	0.0656934978	0.0363966068	-0.0031601998	-0.041826171	-0.0656033	0.0161268	0.08938689999999999	-0.00221369	0.00199293	-0.00193057
0.1003927	0.0314727041	-0.055419257400000005	0.0087163551	-0.0395366192	-0.0405002332	-0.001459988	0.065331149	0.0351549321	-0.005264333100000001	-0.0441497362	-0.055934300000000006	-0.0200073	0.0616048	-0.00179057	0.00210596	-0.00193057
0.08169558999999997	0.1010514901	-0.0593007542	-0.0791079023	0.0094103773	-0.0192371957	-0.08638938189999999	0.0649632876	0.0339013921	-0.0073644687	-0.0464137013	-0.0585649	0.00162349	0.082254	-0.00226238	0.002016	-0.00175664
0.03722075	0.0243293812	0.0779035796	-0.0949015981	-0.026143157200000003	0.0514747224	-0.0352794751	0.0645899444	0.0326364097	-0.0094590119	-0.0486150101	-0.049581	-0.00543606	0.08000269999999997	-0.00220504	0.002016	-0.00143546
0.047214714000000005	-0.0637315841	0.0345128417	-0.0275479461	0.0018104342	-0.0062380476	-0.0071683231	0.0642111511	0.031360412000000004	-0.0115463721	-0.0507506909	-0.042470999999999995	-0.000280646	0.08786000000000001	-0.00243611	0.002016	-0.00174623
0.15519175400000002	-0.0772830113	0.0414227119	-0.0155437481	-0.0797653823	0.0239489971	-0.0201851613	0.0638269397	0.0300738297	-0.0136249641	-0.0528178606	-0.030543200000000006	-0.026296499999999997	0.0322804	-0.00163335	0.002016	-0.00131562
0.0438481	-0.05740960110000001	-0.011838276399999998	0.0365173538	-0.0181846028	0.07763883	0.0643776864	0.0634373424	0.0287770969	-0.015693209399999998	-0.0548137288	-0.039384699999999995	-0.0158273	0.0454388	-0.00177218	0.002016	-0.00122687
0.0359473	-0.0016571313	-0.0539917681	0.0296408515	-0.0242513443	-0.0293444702	0.07850574769999999	0.06304239219999999	0.0274706514	-0.0177495376	-0.0567356009	-0.0455559	-0.0120178	0.043028199999999996	-0.00189694	0.002016	-0.0015732299999999995
0.06221629999999999	0.0045062611	-0.0676637429	0.026554388	-0.0377400247	-0.0135739267	-0.0192387576	0.0626421225	0.026154934100000003	-0.0197923871	-0.0585808827	-0.0393716	-0.026296899999999998	0.0472991	-0.00181334	0.00169632	-0.00122687
0.12192108999999995	-0.020433543	-0.0527559989	0.0069604011	-6.7391e-05	0.0398122628	-0.08493483240000001	0.06223656690000001	0.024830389	-0.0218202064	-0.060347083	-0.0393756	-0.00484821	0.071542	-0.0024804000000000002	0.00207647	-0.00170417
0.12770788999999996	0.0638000395	-0.08295029599999999	0.0102256676	-0.0649617765	0.0553694791	-0.0556897924	0.06182575980000001	0.0234974633	-0.0238314558	-0.0620318176	-0.045200699999999996	-0.026377499999999998	0.034363	-0.00163269	0.00243997	-0.0017564499999999995
0.041035699999999994	0.1163933381	-0.0225254293	-0.038258713	0.0102742625	-0.0358273143	-0.0408432853	0.0614097357	0.022156606800000003	-0.025824608	-0.0636328122	-0.046798800000000015	-0.0426533	0.034362199999999996	-0.00179942	0.00224452	-0.00165541
0.030528700000000006	0.0994217947	0.0415065693	-0.0244240691	-0.0020780028	-0.0298354479	-0.055092933200000006	0.06098852990000001	0.020808272	-0.0277981493	-0.06514790549999999	-0.0393837	-0.0258551	0.034361800000000005	-0.00181875	0.00224284	-0.0017607
0.035627500000000006	0.08609102960000001	0.098299338	-0.0382565986	-0.1020625967	0.0126258787	-0.0093461254	0.0605621777	0.0194529141	-0.0297505811	-0.0665750521	-0.0393907	-0.0426291	0.034375300000000004	-0.00187111	0.00202383	-0.00165541
0.08909871000000001	0.0222412006	0.1462918428	-0.0085465552	0.02992219	0.0388492681	0.0935253624	0.06013071530000001	0.0180909906	-0.0316804206	-0.06791232559999999	-0.039374900000000004	0.00277871	0.0568124	-0.00219196	0.00196996	-0.00160537
0.04673471000000001	-0.1071531436	0.0636329433	-0.0169617457	0.0003547247	-0.06930497740000001	0.0025046869	0.059694179000000014	0.016722961	-0.0335862026	-0.06915792059999999	-0.0424209	-0.022154300000000002	0.056990599999999995	-0.00191552	0.00201503	-0.00165541
0.05209660000000002	-0.0790884268	0.0597222626	0.0317419853	-0.0126700323	-0.0767664688	0.0380292111	0.0592526056	0.0153492872	-0.0354664796	-0.0703101556	-0.0461335	-0.0148352	0.05894550000000001	-0.00218495	0.00193195	-0.0020851
0.02969670000000002	-0.0440507578	0.0237176974	0.1326277098	0.0332288859	0.0227263525	0.1079305307	0.0588060324	0.0139704327	-0.0373198239	-0.0713674753	-0.0519229	-0.0221702	0.06208780000000001	-0.00206795	0.00208309	-0.00208464
0.061772000000000014	0.0506452358	-0.0262674997	0.08425295	0.034111005699999995	0.0266612513	-0.0343311659	0.0583544972	0.0125868629	-0.0391448281	-0.0723284522	-0.0624933	-0.022206200000000002	0.08111689999999999	-0.0022405999999999997	0.00243997	-0.00219784
0.031539520000000015	0.0615804209	-0.0486867544	-0.0016713318	0.0450674638	-0.0300337654	0.0117107072	0.0578980379	0.0111990449	-0.0409401062	-0.0731917891	-0.056675199999999995	-0.00976898	0.0757327	-0.00220169	0.00243997	-0.00207875
0.031116219999999983	0.0192682314	-0.05178892190000002	-0.023606821200000003	0.05715777230000001	-0.0577191852	-0.0190896103	0.0574366931	0.009807447	-0.0427042949	-0.07395632049999999	-0.0566856	-0.0221842	0.0677686	-0.00216911	0.00262192	-0.00207875
0.10394039999999996	0.0532295349	0.0451547289	-0.048779028	-0.0964093103	-0.0398191497	0.0433220599	0.0569705018	0.0084125389	-0.0444360547	-0.0746210144	-0.046324699999999996	-0.039359500000000006	0.0362524	-0.00159289	0.00243997	-0.00193916
0.2425554	-0.0599842783	-0.0262511069	-0.044801506100000006	0.0703124175	0.0146972581	0.040950111	0.0564995032	0.0070147915	-0.0461340703	-0.0751849734	-0.0333607	0.03880530000000002	0.11090699999999999	-0.00279636	0.00263235	-0.00207875
0.1136443	-0.1076909298	-0.0952605795	-0.0593655575	0.0382381395	-0.0220554336	-0.0361702791	0.0560237372	0.0056146764	-0.0477970523	-0.0756474362	-0.038399	0.0127357	0.0914566	-0.00172702	0.00243997	-0.00207875
0.1245383	-0.0019848955	-0.0796941074	-0.0410307224	0.0241898455	0.0505572086	-0.0688816346	0.0555432438	0.0042126663	-0.049423738	-0.0760077786	-0.0219389	0.052739	0.12037300000000001	-0.00225067	0.00225332	-0.00200588
0.13226264999999998	0.008280296999999999	-0.039513986800000005	0.0499777819	0.0350186286	0.0118567167	-0.1087057586	0.055058063600000005	0.0028092344	-0.0510128919	-0.076265514	-0.0408118	0.00788185	0.08983789999999997	-0.00175025	0.00243998	-0.00207875
0.04540655	0.1041799822	0.0850194186	0.010598192	0.0479274229	0.0366925744	-0.08574679130000001	0.0545682376	0.0014048543	-0.0525633074	-0.0764202945	-0.059275	0.0220676	0.0948405	-0.00190534	0.00243998	-0.00207876
0.033840000000000016	0.0152860789	0.0913756418	0.0139606661	0.1197486902	0.029968614700000007	0.0425540131	0.054073807	0.0	-0.054073807	-0.0764719113	-0.0546859	0.022091	0.10105399999999999	-0.00170533	0.00270024	-0.00207875
0.053505	0.0072542656	0.0040132508	0.0121688369	0.0518936739	-0.0788224876	0.0325641922	0.0535748137	-0.0014048543	-0.0555432438	-0.0764202945	-0.0423518	0.0261522	0.09482230000000001	-0.00230548	0.00271765	-0.00207875
0.11360459	-0.0144417372	0.1147626325	-0.0115236983	0.0312189382	0.0009869671	0.0793106352	0.0530712997	-0.0028092344	-0.0569705018	-0.076265514	-0.0546601	-0.00326749	0.0582062	-0.00187794	0.00243998	-0.00207875
0.00597252000000001	-0.1017136854	0.0724299646	0.0940314019	0.0176821672	-0.087679644	0.0165031554	0.0525633074	-0.0042126663	-0.0583544972	-0.0760077786	-0.0546601	-0.00326851	0.06394270000000002	-0.00187325	0.00243998	-0.00207876
0.03713631000000001	-0.0928145262	0.0314160868	0.0285018791	0.0049235747	-0.0217170489	-0.0146357769	0.052050879800000005	-0.0056146764	-0.059694179000000014	-0.0756474362	-0.0423221	-0.00327402	0.067014	-0.00207285	0.0026748	-0.00207875
0.023117140000000026	-0.1023307827	-0.024507139	0.0626359917	-0.08050003019999999	-0.00017421419999999994	0.0317200424	0.0515340601	-0.0070147915	-0.06098852990000001	-0.0751849734	-0.0323889	-0.00326958	0.0606995	-0.00203823	0.00277748	-0.00207875
0.06422641999999999	-0.0496332186	-0.0605634141	0.0678888461	-0.0440590018	0.0999028259	0.035124129500000004	0.0510128919	-0.0084125389	-0.06223656690000001	-0.0746210144	-0.022459200000000002	-0.0150382	0.052568899999999995	-0.002134	0.00297672	-0.00168581
0.05994369	0.08700185640000001	-0.0275590758	-0.0098034453	0.0402899946	-0.0116073449	-0.0386283086	0.0504874192	-0.009807447	-0.0634373424	-0.07395632049999999	-0.0317187	-0.00328171	0.0593856	-0.00209794	0.0027635000000000003	-0.00207875
0.04261999	0.0407985441	-0.012087088700000002	-0.0251535855	0.0201816082	-0.0095812942	0.0016969767999999998	0.0499576863	-0.0111990449	-0.0645899444	-0.0731917891	-0.0317408	-0.0191527	0.07048650000000001	-0.00210855	0.00283715	-0.00185049
0.06796690000000004	-0.0198252069	-0.0295248551	-0.0818259033	0.0171282947	-0.003599685	-0.0131252759	0.049423738	-0.0125868629	-0.0656934978	-0.0723284522	-0.031711500000000004	-0.011067200000000001	0.0849146	-0.00258564	0.00263402	-0.00207875
0.11098903999999997	-0.0243110603	-0.0552536937	-0.0544641545	-0.0386997476	0.0700792471	-0.0289493666	0.0488856192	-0.0139704327	-0.0667471644	-0.0713674753	-0.0179429	-0.00328736	0.05135	-0.00226323	0.00300544	-0.00165506
0.09769303000000004	-0.0076369775	-0.0171567215	-0.060761682699999986	-0.0958907085	0.06782190860000001	0.0582951775	0.0483433754	-0.0153492872	-0.0677501442	-0.0703101556	0.010711499999999999	-0.00328849	0.0336425	-0.00191702	0.0030381999999999996	-0.00100743
0.07789050999999997	-0.0097105296	0.0086159311	-0.0385812871	-0.0406977056	0.0405719533	0.0798438879	0.0477970523	-0.016722961	-0.0687016755	-0.06915792059999999	-0.0102359	-0.0209405	0.0298779	-0.00189306	0.00288645	-0.00154225
0.04868800000000001	-0.0287014425	-0.070015532	-0.0516934782	-0.0910358055	0.0191006242	-0.1318521808	0.047246696100000006	-0.0180909906	-0.06960103570000001	-0.06791232559999999	-0.026584899999999998	-0.0209439	0.0171978	-0.00189306	0.00252625	-0.00157516
0.056698299999999986	0.0550558779	-0.0142711262	0.0056995	0.0283592466	0.0077538117	-0.056250232	0.0466923532	-0.0194529141	-0.0704475418	-0.0665750521	-0.032215	-0.0276781	0.015345300000000001	-0.00218625	0.00263645	-0.0020214
0.0640425	0.1126904464	0.041243326	0.0474120951	-0.0138362352	0.0102193015	0.0266037294	0.0461340703	-0.020808272	-0.071240551	-0.06514790549999999	-0.0502709	-0.0414176	0.0261779	-0.00208109	0.00263645	-0.00234453
0.03915020000000001	0.121729881	0.050620463600000005	0.008550944	0.0028620474	-0.0185346484	0.0467195556	0.0455718946	-0.022156606800000003	-0.0719794612	-0.0636328122	-0.05264069999999999	-0.0464088	0.038681099999999996	-0.00217826	0.00286027	-0.0022798000000000002
0.06193500000000001	0.0250273248	0.0164435332	-0.0405581284	0.0168626984	-0.0521138047	0.0763532443	0.0450058734	-0.0234974633	-0.0726637112	-0.0620318176	-0.0468101	-0.034909300000000004	0.0386407	-0.00262904	0.00311042	-0.00247016
0.06788050000000001	-0.0339347092	-0.0563025503	-0.0248990437	-0.0133837038	-0.0858915901	-0.013044348	0.0444360547	-0.024830389	-0.07329278139999999	-0.060347083	-0.046798800000000015	-0.043192900000000006	0.0162471	-0.00210651	0.00291365	-0.00244562
0.04110760000000002	0.0265214814	0.0319580226	-0.058423525199999986	-0.0124865806	0.0098194681	0.0142061216	0.0438624864	-0.026154934100000003	-0.0738661941	-0.0585808827	-0.0568284	-0.0432155	0.016208700000000003	-0.00257305	0.00305467	-0.0024584
0.031211070000000007	-0.0174580794	0.103203928	-0.0258028329	-0.040435658	0.0275535844	0.0349677119	0.043285216900000006	-0.0274706514	-0.0743835138	-0.0567356009	-0.0467902	-0.043213800000000004	0.00571053	-0.00252775	0.00291214	-0.00243277
0.03317219	-0.1094979793	0.0373269488	0.0333350407	-0.0316941695	-0.0110969862	-0.0284806987	0.0427042949	-0.0287770969	-0.0748443478	-0.0548137288	-0.046777099999999995	-0.043219099999999996	0.00399824	-0.00202627	0.00295867	-0.00251359
0.05560925999999999	-0.08483943960000001	-0.0235782627	0.0232782315	-0.0094302806	0.0174524195	0.0035697604	0.0421197696	-0.0300738297	-0.075248346	-0.0528178606	-0.05850080000000001	-0.0432188	0.016229499999999997	-0.00252608	0.00303551	-0.00245716
0.032637900000000004	-0.052377089800000005	-0.0544264406	0.0918117892	-0.0429147276	0.0518424437	0.0112663562	0.0415316901	-0.031360412000000004	-0.0755952016	-0.0507506909	-0.0467832	-0.0432276	0.016220499999999995	-0.00271915	0.00317017	-0.00254748
0.030995860000000007	0.0449481507	-0.0701400972	0.08048084	-0.0017391219	0.0119027209	0.007025340600000001	0.0409401062	-0.0326364097	-0.0758846513	-0.0486150101	-0.046799099999999996	-0.0432252	0.00277944	-0.00244878	0.00324635	-0.0025433000000000005
0.02422096000000001	0.0804142522	-0.0767590865	0.047625784	-0.0073724082	-0.044796082800000005	-0.0433978383	0.0403450677	-0.0339013921	-0.0761164753	-0.0464137013	-0.0468202	-0.0432207	0.0162243	-0.00250325	0.00332075	-0.00245716
0.035738200000000005	0.0422983018	-0.0761940448	-0.0179021444	-0.031618620800000004	-0.0058758827000000005	-0.0202628704	0.0397466248	-0.0351549321	-0.0762904975	-0.0441497362	-0.046820999999999995	-0.0432398	0.029477099999999996	-0.00278729	0.00339421	-0.00254897
0.08223139999999997	0.0128243476	-0.0722471485	-0.025014926	0.018012959199999998	-0.069793218	-0.0474030707	0.0391448281	-0.0363966068	-0.0764065858	-0.041826171	-0.020971200000000002	-0.04319	0.0268313	-0.00250325	0.00355539	-0.00192047
0.09511252	0.0255843391	-0.064704498	-0.0471743357	0.006117955699999999	-0.0180548909	-0.0410402387	0.0385397283	-0.037625997	-0.07646465200000001	-0.0394461425	-0.007580779999999999	-0.0245233	0.0231464	-0.00270512	0.00303676	-0.00145356
0.03444569999999998	0.0680253137	0.0345441288	-0.08765547539999999	0.0018520277	0.0026204404	0.0571166483	0.0379313764	-0.0388426879	-0.07646465200000001	-0.0370128635	-0.00774418	-0.0351995	0.0162063	-0.00242528	0.0030105	-0.00148078
0.019437299999999998	0.022323319900000003	0.0602930339	-0.0536571404	0.0328015178	0.0595000814	0.0509846711	0.0373198239	-0.0400462686	-0.0764065858	-0.0345296189	-0.00773898	-0.0257641	0.016208	-0.00250325	0.00295167	-0.00154388
0.01869	-0.0250180384	0.052671931500000005	-0.0484871406	-0.0230160259	-0.0806642412	-0.0890251228	0.0367051223	-0.0412363331	-0.0762904975	-0.031999761	-0.00431008	-0.030080400000000007	0.010724700000000002	-0.00250325	0.00288119	-0.00150513
0.053074280000000015	-0.0418745541	0.0495887168	-0.00348697	-0.032465366	0.0032205253	-0.022259447	0.0360873235	-0.0424124796	-0.0761164753	-0.0294267048	-0.00771256	-0.036911900000000004	0.0161975	-0.00268907	0.0030105	-0.00193735
0.05591096000000001	-0.0358920611	0.0199353692	0.0314800726	-0.0208338575	-0.0039975523	0.0309840013	0.0354664796	-0.0435743112	-0.0758846513	-0.026813924	-0.00773302	-0.0431828	0.013556899999999998	-0.00218171	0.0030105	-0.00150513
0.13504448000000002	-0.0104417302	-0.0324004396	0.0635262747	0.0735069397	0.0602419672	0.0798831538	0.034842643	-0.0447214358	-0.0755952016	-0.0241649457	-0.015016	-0.002384	0.0541216	-0.00265286	0.0030105	-0.00196194
0.05593746000000002	-0.031593935	-0.0132031123	0.0148925391	0.0392698836	0.0187953628	0.0447950022	0.0342158664	-0.0458534661	-0.075248346	-0.0214833458	-0.00772075	-0.00237519	0.031943200000000005	-0.00222556	0.0030105	-0.00186014
0.08422156	-0.0392438749	-0.0147505084	0.0533199264	0.008635888100000001	0.0472277052	0.0103522149	0.0335862026	-0.0469700201	-0.0748443478	-0.0187727444	-0.0199781	-0.0228886	0.014094400000000003	-0.00195923	0.00280017	-0.00166476
0.04909957000000001	-0.0064621525	0.0056970647	0.0393918017	0.0049345972	-0.0129618155	0.0466788606	0.0329537047	-0.0480707209	-0.0743835138	-0.0160368007	-0.00772693	-0.0389802	0.0144857	-0.0020031	0.0030105	-0.00181787
0.06372392100000003	0.0066760857	-0.0156124653	0.0138560989	-0.0733694208	-0.0295349809	-0.0344259434	0.0323184262	-0.0491551971	-0.0738661941	-0.013279208	-0.00772882	-0.023522400000000002	0.0009359689999999999	-0.00222556	0.00285141	-0.00150513
0.021341539	0.029989645	0.0288200995	0.011668255	0.0016117839000000002	0.0667061429	-0.0346906351	0.0316804206	-0.0502230825	-0.07329278139999999	-0.0105036891	-0.00773302	-0.0247249	-0.00287687	-0.00239291	0.0030105	-0.00150513
0.06060493999999999	0.0269664371	0.0216661133	0.054020532	0.0705496608	0.0263692303	-0.0119242853	0.0310397419	-0.0512740168	-0.0726637112	-0.0077139906999999985	-0.018947799999999997	-0.0301062	0.00434099	-0.00241891	0.00282312	-0.00202757
0.03909676999999995	0.0280420419	0.0025115793	0.0648438392	0.0198988271	-0.0497016923	0.0001907167	0.0303964439	-0.0523076453	-0.0719794612	-0.0049138787	-0.00772795	-0.026155400000000002	0.00434037	-0.00234898	0.00292707	-0.00172294
0.04853768000000002	-0.0151058716	0.0380353377	0.0187069692	0.0675628663	-0.0323922152	-0.07836807059999999	0.0297505811	-0.0533236191	-0.071240551	-0.0021071332000000003	-0.0213157	-0.025109599999999996	0.014575999999999999	-0.00208172	0.0030105	-0.00184562
0.048076399999999984	-0.0401375569	0.0059455237	0.0093257677	0.052093791900000005	-0.0538798512	0.0376332828	0.0291022078	-0.0543215953	-0.0704475418	0.0007024567999999999	-0.0230058	-0.0204169	0.030695099999999996	-0.00222556	0.0030105	-0.00221327
0.086869	-0.0235331973	0.0172961527	-0.0373437939	0.0023347568	0.0307598198	-0.0251154979	0.0284513789	-0.055301237	-0.06960103570000001	0.0035110985	-0.0131563	-0.038993099999999996	0.010014799999999999	-0.0018468	0.0030105	-0.00183677
0.03848940900000001	0.0022855002	0.0267716813	-0.1052800876	-0.0240805834	0.0430341254	0.047984624	0.0277981493	-0.056262213600000006	-0.0687016755	0.0063150004	-0.00773302	-0.038982300000000004	0.000305471	-0.00198208	0.0030105	-0.00150513
0.01960280900000001	-0.0170819566	0.0254485013	-0.07287705059999999	0.0434361111	0.0073047847	0.0181605168	0.027142574	-0.0572042008	-0.0677501442	0.0091103773	-0.009909200000000005	-0.0389839	0.008609	-0.00179965	0.0030105	-0.00150513
0.03318088	0.0159295566	0.058425091	-0.0246368455	-0.0189675094	-0.0601066014	-0.0257972794	0.0264847084	-0.058126880599999986	-0.0667471644	0.0118934557	-0.00773302	-0.038982300000000004	-0.011320100000000001	-0.00157817	0.0030105	-0.00150513
0.05059785000000002	0.0117909621	0.051129025300000006	-0.0187056687	-0.0308055264	-0.0814822224	-0.040573926	0.025824608	-0.0590299417	-0.0656934978	0.0146604784	-0.00227637	-0.0389725	-0.0192085	-0.0021433000000000003	0.00283077	-0.00150513
0.13139603000000002	-0.0330871741	0.0435420876	-0.014976875	-0.0330056233	0.0144493748	-0.08765858289999999	0.0251623285	-0.0599130791	-0.0645899444	0.0174077102	-0.0242116	-0.07356189999999999	-0.0347904	-0.00154624	0.0030105	-0.00191413
0.19250421	0.0398471452	0.0432757726	0.06067625400000001	0.0133253055	0.0255865903	0.0185115679	0.0244979257	-0.0607759948	-0.0634373424	0.0201314424	-0.00772409	-0.025124599999999997	0.011339	-0.00259968	0.00260944	-0.00173963
0.07795001	-0.008808634000000001	0.048593015199999985	0.0319111282	0.0820385725	0.0119060779	-0.0475373925	0.0238314558	-0.0616183977	-0.06223656690000001	0.0228279981	-0.00771928	-0.040105	0.0113458	-0.00197857	0.00318657	-0.00180055
0.02301598000000001	-0.025781463900000003	-0.0041476278	0.0359654017	0.0395945858	-0.000922471	-0.0022615741	0.023162975	-0.0624400033	-0.06098852990000001	0.0254937371	-0.00773666	-0.023474000000000002	0.0113534	-0.00204951	0.00323015	-0.00178787
0.09521613000000002	-0.0098786806	0.0213895353	-0.0028916763	-0.0074022368000000015	-0.0291527717	-0.0745675935	0.0224925397	-0.0632405343	-0.059694179000000014	0.0281250608	0.0171321	-0.04481980000000002	-0.00465317	-0.00171354	0.00327134	-0.00150513
0.23912594000000004	-0.0390720983	-0.0363798077	0.0124926412	0.0813819763	0.0284585733	0.0511133719	0.0218202064	-0.0640197207	-0.0583544972	0.0307184169	-0.00477387	0.0269952	0.06460779999999999	-0.00264109	0.00301613	-0.00184525
0.14962283	-0.0663550045	-0.078322875	-0.0184701055	-0.0343488802	-0.0016473216	0.007270304399999998	0.0211460319	-0.0647772993	-0.0569705018	0.0332703046	-0.025040599999999996	-0.0204412	0.0345746	-0.0018684	0.00284995	-0.00194411
0.04367249999999999	-0.0012267626	-0.0418668681	0.0853390366	-0.0229755012	0.044489013	0.0013459160999999998	0.0204700731	-0.0655130144	-0.0555432438	0.0357772789	-0.0133018	-0.0204789	0.0345701	-0.00241926	0.0029035	-0.00197753
0.041473200000000016	0.0348068755	-0.0201709887	0.0270827609	-0.0488898195	0.1112692964	0.052700321900000006	0.0197923871	-0.0662266179	-0.054073807	0.0382359556	-0.0280906	-0.0204709	0.0159527	-0.0024434	0.00293369	-0.00208438
0.021925749999999983	0.1316398171	-0.0608122985	0.0605779553	0.0879432895	0.0122696574	-0.0221744941	0.0191130309	-0.06691786870000001	-0.0525633074	0.0406430156	-0.028117400000000004	-0.0204528	0.007463349999999999	-0.00228018	0.00296949	-0.00201557
0.04310535	0.132193093	0.0249549581	-0.0375203801	0.07397313929999999	-0.0603108192	0.008101840899999999	0.0184320619	-0.0675865336	-0.0510128919	0.042995209400000005	-0.0337234	-0.0204638	0.019837200000000003	-0.00218225	0.00332727	-0.00206215
0.027949099999999998	0.0023522496	0.0440649773	-0.0598460269	0.0028825390000000004	-0.0348635104	-0.005709100799999999	0.0177495376	-0.068232387	-0.049423738	0.0452893617	-0.028098200000000004	-0.0204504	0.028242700000000006	-0.00218758	0.003145	-0.00197165
0.05454917000000002	-0.0273551836	0.0405312157	-0.0927528676	-0.0564993493	-0.0588372669	0.0274897936	0.0170655156	-0.0688552108	-0.0477970523	0.0475223755	-0.0280983	-0.0204459	0.007463629999999998	-0.00176883	0.00294345	-0.00191664
0.012329670000000015	-0.0731478359	0.0173320959	-0.013187873300000002	-0.0367842761	-0.0050319593	0.0514579547	0.0163800536	-0.06945479480000001	-0.0461340703	0.0496912363	-0.028119799999999997	-0.020442	0.0138679	-0.00176072	0.00305334	-0.00191664
0.042320800000000006	-0.0490658453	-0.0677075278	0.021698772	-0.0129497565	-0.0412333317	0.1482192568	0.015693209399999998	-0.0700309366	-0.0444360547	0.0517930163	-0.028105200000000004	-0.0204601	0.0230545	-0.00229375	0.00292434	-0.00191664
0.025712490000000008	0.0031130575	-0.1272097291	-0.0216122088	-0.0553134215	-0.0182866746	0.04682447940000002	0.015005041100000003	-0.0705834418	-0.0427042949	0.0538248781	-0.022108799999999998	-0.0204524	0.00745961	-0.00226491	0.00287091	-0.00191664
0.04787675000000001	0.0206879708	0.0389663369	-0.1084750432	-0.0253281571	0.05943592230000001	0.0469258655	0.0143156065	-0.071112124	-0.0409401062	0.0557840789	-0.0198582	-0.036757	-0.00332694	-0.00199587	0.00297257	-0.00191664
0.03320881999999998	-0.031346342	0.0310697542	0.0196420967	-0.0391723246	-0.007248656899999998	-0.1082565169	0.0136249641	-0.0716168046	-0.0391448281	0.0576679738	-0.00724334	-0.0367593	-0.014721600000000001	-0.00184266	0.00294184	-0.00191664
0.029718734000000007	-0.0472361302	-0.0259609215	0.0557837631	-0.041055438	-0.0417765283	-0.1089954968	0.0129331719	-0.07209731330000001	-0.0373198239	0.0594740196	-0.00956108	-0.0367593	0.000411894	-0.00184266	0.00318719	-0.00191664
0.05036815600000001	-0.0019631277	-0.0586019734	0.0380029773	-0.034210884	-0.0084604625	0.06534729709999999	0.0122402884	-0.072553488	-0.0354664796	0.0611997783	-0.007735729999999999	-0.036773400000000005	0.014538599999999999	-0.00225186	0.00346603	-0.00191664
0.06592821999999998	0.0305273282	-0.119281502	0.006777063000000001	0.0109867875	-0.0044702964000000005	0.0502954727	0.0115463721	-0.0729851746	-0.0335862026	0.0628429202	-0.00255789	-0.0346949	-0.00120828	-0.00184266	0.00375423	-0.00175554
0.11686508999999998	0.0401977285	-0.0988666104	-0.0724044808	0.0421393981	0.002893713	-0.0341464698	0.0108514814	-0.0733922276	-0.0316804206	0.0644012271	-0.0119499	0.014927700000000004	0.0262212	-0.00184266	0.00330691	-0.00191664
0.24132070000000005	0.0254248045	-0.0615860986	-0.1024804004	-0.0932276173	-0.0166543453	-0.087705899	0.0101556752	-0.07377450940000001	-0.0297505811	0.0658725953	0.0112706	-0.0485296	-0.0380934	-0.0008771439999999997	0.00310782	-0.00127468
0.0754316	-0.0043806969	0.0091732543	-0.074766124	-0.1024590871	0.0432154261	0.0316120321	0.0094590119	-0.0741318911	-0.0277981493	0.0672550387	0.015935399999999995	-0.0210889	-0.022113099999999997	-0.00100375	0.00272582	-0.0012363700000000005
0.09404542999999996	-0.0627019191	0.0254724171	-0.0055682345	-0.0380456759	0.0693815505	-0.017102566200000002	0.0087615505	-0.0744642521	-0.025824608	0.0685466909	-0.0012025	-0.00317067	-0.0018628	-0.00130771	0.00256252	-0.00154389
0.07306010999999997	0.004067878400000001	-0.0680677921	0.07206537910000001	-0.0976205392	0.010586095	0.0694047384	0.0080633498	-0.0747714801	-0.0238314558	0.0697458083	0.00623198	-0.012120299999999999	-0.012641	-0.0007702339999999997	0.00276532	-0.00136621
0.10010502	0.1116829217	0.0745720191	-0.0898198274	-0.0965180724	-0.0321652011	0.0255420282	0.0073644687	-0.07505347150000001	-0.0218202064	0.0708507721	0.0159564	-0.024413999999999998	-0.0388029	-0.000581644	0.00204525	-0.0012363700000000005
0.2379224	-0.0725981671	0.012770477	-0.0417404199	0.06330454940000001	0.0847229481	-0.0271027165	0.0066649662	-0.0753101311	-0.0197923871	0.0718600907	0.013603200000000001	0.034969099999999996	0.041122399999999996	-0.00181492	0.00231796	-0.0016555999999999995
0.13177044	-0.0725051752	0.0294511909	-0.0015573682999999998	-0.0176214599	0.0309669812	-0.0933298915	0.0059649013	-0.0755413723	-0.0177495376	0.0727724016	0.0159327	-0.0178839	0.00523146	-0.00145422	0.00228395	-0.0012363700000000005
0.08718927299999997	-0.0578489255	-0.05908711730000001	0.0389483515	-0.0922886259	0.087524496	0.0524903051	0.005264333100000001	-0.075747117	-0.015693209399999998	0.0735864732	0.0228519	-0.000174687	-0.013159	-0.0007159919999999999	0.00242913	-0.0012363700000000005
0.186400907	0.0338317661	0.0167709379	0.0738921456	0.0475962405	0.0739734482	0.0109439524	0.0045633206	-0.0759272958	-0.0136249641	0.0743012064	0.00387443	0.06351810000000001	0.061766699999999994	-0.0008381509999999997	0.00249178	-0.00162766
0.09427022999999997	-0.023527117200000003	-0.0166226347	0.0635808186	0.14584694539999998	0.0843258611	-0.0284727882	0.0038619231	-0.0760818478	-0.0115463721	0.0749156366	-0.0216519	0.06071720000000001	0.06813530000000001	-0.000647323	0.00218206	-0.0023186
0.0910097	0.14324498160000002	0.021482673	-0.0283704939	0.06254221830000001	0.073902861	-0.0206423906	0.0031601998	-0.0762107209	-0.0094590119	0.0754289341	-0.021605799999999998	0.05022480000000002	0.034905900000000004	0.000218023	0.0021090999999999996	-0.00232513
0.08467847999999999	0.025892857	0.1008757863	0.0550223538	0.050185716100000013	-0.0592269122	-0.0110179661	0.0024582097	-0.0763138717	-0.0073644687	0.07584040610000001	-0.0257363	0.0283316	0.00279482	0.000167519	0.0024913	-0.00222696
0.17229903	0.0376381602	0.1067070222	0.1144090814	0.031183713	-0.0999323882	-0.0107459282	0.0017560123	-0.07639126519999999	-0.005264333100000001	0.0761494972	-0.019878200000000002	0.0756498	0.0526451	-0.00059722	0.00217529	-0.00192226
0.12023265	-0.0189919188	0.0952896394	0.0721174393	0.053766231	-0.08784367539999999	-0.0510338902	0.0010536666	-0.0764428754	-0.0031601998	0.0763557899	-0.033306699999999995	0.033133300000000004	0.0331573	-0.000149133	0.0025685	-0.00197696
0.09223105	0.053014152300000006	0.0483411551	0.1224970478	0.0541676944	-0.0545748235	0.0476208441	0.0003512321	-0.0764686849	-0.0010536666	0.076459006	-0.0313922	0.0432721	0.0403527	-0.00109303	0.00205275	-0.00197696
0.16227027	0.0730896551	-0.0014261799	-0.0137875748	0.0883705935	-0.2275579761	-0.0114052044	-0.0003512321	-0.0764686849	0.0010536666	0.076459006	-0.0273841	0.016625499999999998	-0.00331657	0.00023384599999999998	0.0024848	-0.00197696
0.02218058	-0.0711085922	0.105818692	-0.0596976425	-0.0142449864	-0.15054744679999998	0.0144655637	-0.0010536666	-0.0764428754	0.0031601998	0.0763557899	-0.0191377	0.018667700000000002	0.00125561	0.00010009	0.00247216	-0.00197696
0.17236258999999998	-0.1022121851	0.0475096738	-0.0203456556	0.0412319327	-0.0014928563	0.1051665885	-0.0017560123	-0.07639126519999999	0.005264333100000001	0.0761494972	-0.0148665	0.0586076	0.0410081	-0.00124848	0.00205275	-0.00197696
0.15321274	-0.1573447687	-0.0092589317	-0.0649587093	0.0423623805	0.0536133871	-0.059207269000000014	-0.0024582097	-0.0763138717	0.0073644687	0.07584040610000001	-0.0148391	0.0206097	0.008066409999999998	-0.000208785	0.00265797	-0.00197696
0.07437520999999997	-0.0144278921	-0.0346413926	0.0798480104	-0.1246463768	0.058846073	-0.0455145507	-0.0031601998	-0.0762107209	0.0094590119	0.0754289341	-0.0148404	0.0102366	-0.0191888	0.00015439700000000002	0.00277739	-0.00172465
0.14864225	0.0623600762	0.006104472099999999	0.1050867402	0.0095480957	0.07629926719999999	-0.0069560496	-0.0038619231	-0.0760818478	0.0115463721	0.0749156366	-0.0148464	0.041976099999999995	0.020254599999999998	-0.00079015	0.00238078	-0.00151674
0.05163130000000001	0.0056787151	0.0512161716	0.0730285069	0.0488139386	0.0407539584	-0.0105837508	-0.0045633206	-0.0759272958	0.0136249641	0.0743012064	-0.014859299999999999	0.033390300000000005	0.0107325	-0.00079015	0.00259077	-0.00197696
0.08234155999999998	0.0024856759	-0.010393564	0.0922582421	0.0080919069	0.0490517687	0.0530468988	-0.005264333100000001	-0.075747117	0.015693209399999998	0.0735864732	-0.014847299999999999	0.0205205	0.00207974	0.00011569	0.0025024	-0.00175503
0.07527978999999999	0.1178557223	0.0140604706	0.0030320403000000003	-0.0428112085	-0.0516677985	-0.0285763781	-0.0059649013	-0.0755413723	0.0177495376	0.0727724016	-0.0148516	0.020518400000000003	-0.0221259	0.000610015	0.00269333	-0.00141893
0.09045691800000001	0.0463409489	-0.0052121073	-0.0347859836	0.0299384816	-0.0707869496	0.0663988212	-0.0066649662	-0.0753101311	0.0197923871	0.0718600907	-0.00043388199999999996	0.029287	0.0123031	0.000298523	0.00277164	-0.0011519
0.04530755200000002	-0.0370157658	-0.0333423195	-0.0165541142	0.0869062345	-0.0181090304	0.0319905848	-0.0073644687	-0.07505347150000001	0.0218202064	0.0708507721	0.00634247	0.042851	0.015325	0.00015550700000000001	0.00272575	-0.0014019
0.09438082999999996	-0.0293510856	-0.0708482846	-0.0609331131	-0.0468721533	-0.059418882	-0.0417090431	-0.0080633498	-0.0747714801	0.0238314558	0.0697458083	0.023081900000000002	0.020514599999999997	-0.0114172	0.000440013	0.002689	-0.0011519
0.11985131	0.0299771517	-0.0263053965	-0.05613461980000002	0.0331495512	-0.007827700600000001	0.0551747137	-0.0087615505	-0.0744642521	0.025824608	0.0685466909	0.023103799999999997	0.047549400000000006	0.00392146	-0.00048671	0.00226861	-0.000949894
0.11406171	-0.0409073756	-0.0986108401	-0.0839070608	0.0116809361	-0.1087748767	-0.016609115	-0.0094590119	-0.0741318911	0.0277981493	0.0672550387	0.0230957	0.020492	-0.0254273	0.00024870299999999997	0.00267895	-0.00095709
0.09285837000000002	-0.0311236242	0.0205723226	-0.1845896683	-0.0512797611	0.0747328379	0.0495812162	-0.0101556752	-0.07377450940000001	0.0297505811	0.0658725953	0.0231128	0.00343458	-0.042525099999999996	0.0009336580000000001	0.00285838	-0.0006477540000000001
0.11245497	-0.0610854951	-0.0643301191	-0.1181093976	0.007445533299999999	0.1024791833	-0.0583770144	-0.0108514814	-0.0733922276	0.0316804206	0.0644012271	0.0230667	0.0226832	-0.0178203	0.000271725	0.00253253	-0.00102908
0.071160655	0.023792009300000003	-0.053610025	-0.0799049637	0.0066053966000000006	0.1386329135	-0.14453391570000002	-0.0115463721	-0.0729851746	0.0335862026	0.0628429202	0.025789799999999998	0.0480029	-0.00351059	-6.43079e-05	0.00267895	-0.00112279
0.044119055	0.0503583929	0.0414287827	-0.0168672427	0.0132086868	0.0676538809	-0.031783649	-0.0122402884	-0.072553488	0.0354664796	0.0611997783	0.0339555	0.046406699999999995	-0.007042300000000001	0.000186653	0.00267895	-0.000757242
0.042158939999999985	0.0186400218	0.100317693	-0.0323403122	0.0041903875	-0.0012247107	0.0542372862	-0.0129331719	-0.07209731330000001	0.0373198239	0.0594740196	0.032894099999999996	0.0486161	0.008470389999999998	0.000535516	0.00267895	-0.000638596
0.06641739	0.0319590989	0.0035194033	-0.06487573769999999	-0.0372297782	0.0045138568	0.014045261399999998	-0.0136249641	-0.0716168046	0.0391448281	0.0576679738	0.0516865	0.0319536	-0.010222799999999999	0.000708792	0.00275106	-0.000638596
0.15088974999999996	-0.065536718	-0.102990641	-0.0139242856	-0.003229256	-0.0546363881	0.045770299900000005	-0.0143156065	-0.071112124	0.0409401062	0.0557840789	0.051688300000000006	0.06831010000000001	0.0317633	-0.000481415	0.00249036	-0.000638596
0.06204359999999999	-0.1161680173	-0.0649831928	-0.0456768222	-0.009140356	0.0198719492	-0.0415283741	-0.015005041100000003	-0.0705834418	0.0427042949	0.0538248781	0.0516847	0.05230459999999999	0.0189338	-0.000956925	0.00267895	-0.000638596
0.23313675	0.020520545	-0.0853869639	0.0627887917	-0.1129108531	0.0556393699	-0.0050838127	-0.015693209399999998	-0.0700309366	0.0444360547	0.0517930163	0.0539783	-0.013929599999999999	-0.0679183	0.000598212	0.00267895	-0.000638596
0.16962893999999998	0.0747150018	0.008909969200000001	0.0944997647	0.034179765	0.1373259138	-0.0081748862	-0.0163800536	-0.06945479480000001	0.0461340703	0.0496912363	0.0516847	0.0561005	-0.00552871	-0.00010010100000000001	0.00267895	-0.000638596
0.03837395	0.0196845213	0.081195715	0.0559518325	-0.0023273311	-0.0279812015	-0.0298539805	-0.0170655156	-0.0688552108	0.0477970523	0.0475223755	0.0552355	0.056114300000000006	0.00307164	-0.000258091	0.00231276	-0.000638596
0.15730028999999998	0.0590275334	0.0489334447	0.1203709452	-0.0213530662	-0.0312927977	-0.0740129824	-0.0177495376	-0.068232387	0.049423738	0.0452893617	0.051696000000000006	0.0196956	-0.0330548	0.000822083	0.00267895	-0.00046064699999999996
0.06290099	-0.0113292847	0.0442037683	0.0430751005	-0.0391779862	-0.0943174592	0.0525920168	-0.0184320619	-0.0675865336	0.0510128919	0.042995209400000005	0.051681200000000004	0.032366200000000005	-0.00219011	0.000755473	0.00282141	-0.000638595
0.14652151	-0.0293007603	0.0061003162	-0.013234703	0.0377356055	-0.029465368	0.0720006096	-0.0191130309	-0.06691786870000001	0.0525633074	0.0406430156	0.0516953	0.0773625	0.026525200000000002	-0.00023255299999999998	0.00235352	-0.000638595
0.0326639	-0.0406565446	0.0568460735	0.0106610921	0.0275525265	0.021086952000000003	-0.0607320286	-0.0197923871	-0.0662266179	0.054073807	0.0382359556	0.0635601	0.07735169999999998	0.0137321	-0.000223519	0.00250439	-0.000638595
0.057915685	-0.0502028166	0.028250229900000007	0.035480065400000003	-0.0375017759	-0.0258067639	-0.0373448951	-0.0204700731	-0.0655130144	0.0555432438	0.0357772789	0.07213	0.0633075	0.00871521	1.1385899999999999e-05	0.00267895	-0.00044236599999999997
0.103959945	-0.0181027489	-0.0114286256	0.0601588487	-0.06995414230000001	-0.0722620921	0.0979352057	-0.0211460319	-0.0647772993	0.0569705018	0.0332703046	0.051711300000000016	0.047262	-0.00617803	0.0008888619999999998	0.00267894	-0.000267802
0.04192512	0.0049803799	-0.0269837334	0.0163285603	0.0053729078	-0.0779427184	0.0365210688	-0.0218202064	-0.0640197207	0.0583544972	0.0307184169	0.0517086	0.052665199999999995	-0.00613501	0.00037857	0.00257915	-0.000387244
0.04500016	0.0342427745	-0.0766285655	0.0342538576	0.0302001226	-0.026701229500000003	0.0479954676	-0.0224925397	-0.0632405343	0.059694179000000014	0.0281250608	0.0517149	0.0699445	0.0152797	0.000322366	0.00251273	-0.000383871
0.079295	0.0246424091	-0.0515172909	0.0450715583	-0.0023740385	-0.007182903000000002	0.0192297555	-0.023162975	-0.0624400033	0.06098852990000001	0.0254937371	0.0736952	0.049913400000000004	0.00443635	0.000214495	0.00267894	-0.000638595
0.03657095	0.1119540245	-0.0137814296	-0.0257188111	0.0125040719	-0.0089508881	-0.0444809495	-0.0238314558	-0.0616183977	0.06223656690000001	0.0228279981	0.06054630000000001	0.047277099999999996	0.012838200000000001	0.000462173	0.00267894	-0.000638595
0.06578979000000001	0.0203812169	-0.0580840456	-0.0942254149	0.0279109246	0.0322298852	0.06067051110000001	-0.0244979257	-0.0607759948	0.0634373424	0.0201314424	0.0602823	0.0679159	0.017831599999999996	6.79132e-05	0.00260494	-0.000308983
0.033590610000000014	-0.0008966202000000002	-0.0907152166	-0.1073890812	0.021513717400000004	-0.0189550666	-0.042825869800000006	-0.0251623285	-0.0599130791	0.0645899444	0.0174077102	0.06026230000000001	0.06679010000000002	0.0232833	-0.00033968	0.0025478000000000002	-0.000384112
0.22748463	-0.0245331117	0.0450413413	-0.0295695317	-0.0911768859	0.0928273861	-0.0007169812	-0.025824608	-0.0590299417	0.0656934978	0.0146604784	0.051683300000000015	0.00304142	-0.047635000000000004	0.00102342	0.00261499	-0.000638595
0.10369353	-0.0344788674	-4.26173e-05	-0.0015251275	-0.043319365	0.050158096500000006	0.075717011	-0.0264847084	-0.058126880599999986	0.0667471644	0.0118934557	0.039886000000000005	0.0417978	-0.027397900000000003	0.000567125	0.00241323	-0.000638595
0.034078150000000015	-0.0645226191	-0.0181440791	-0.0023307434	-0.0355568179	0.0607048118	-0.0395165815	-0.027142574	-0.0572042008	0.0677501442	0.0091103773	0.042337099999999996	0.0338046	-0.026173599999999998	0.000950616	0.00247793	-0.000638595
0.12387648	0.0117505691	0.0446593819	0.001807122	0.0327728442	0.0573604957	-0.0735019284	-0.0277981493	-0.056262213600000006	0.0687016755	0.0063150004	0.051681700000000004	0.0702325	-0.00890107	-0.000106783	0.0023187	-0.000638595
0.21653720000000004	0.0228402281	0.058503105	0.093100254	-0.0767060106	0.0638674555	-0.1024728624	-0.0284513789	-0.055301237	0.06960103570000001	0.0035110985	0.0306867	0.00374888	-0.051934	0.00125349	0.00267894	-0.000638595
0.12174537999999994	0.0493798827	0.0347531595	0.1058546879	0.0155682449	-0.0609351664	-0.00567835	-0.0291022078	-0.0543215953	0.0704475418	0.0007024567999999999	0.023084999999999998	0.044000199999999996	-0.00979044	0.000941679	0.00267894	-0.00096176
0.08359409000000001	-0.0321254151	0.0030046624	0.0112339196	0.0793085301	0.0186616735	-4.782600000000001e-05	-0.0297505811	-0.0533236191	0.071240551	-0.0021071332000000003	0.0230578	0.0984271	0.00676385	0.0008501449999999999	0.00267894	-0.00112194
0.13819160000000005	-0.0084126023	0.046859374	-0.039527895	0.0775064878	0.0209101945	0.0588582145	-0.0303964439	-0.0523076453	0.0719794612	-0.0049138787	0.0388347	0.06976639999999999	0.037752999999999995	-0.000147272	0.00285862	-0.00104374
0.25293594	-0.0267660506	0.0103661786	-0.0028251649	-0.1116031629	-0.0790864578	-0.022194414	-0.0310397419	-0.0512740168	0.0726637112	-0.0077139906999999985	0.0230825	-0.00322244	-0.0478423	0.00115681	0.00267894	-0.00113197
0.19511663	0.0120337029	0.0240922907	0.0673148611	0.006469098299999999	0.0309614186	0.102695747	-0.0316804206	-0.0502230825	0.07329278139999999	-0.0105036891	0.0230893	0.059510300000000016	0.00630584	0.00030416	0.00210478	-0.0009942010000000001
0.07874074	-0.0220148744	-0.0015762439	0.0110505938	-0.0071383361	-0.0885113107	-0.028969511200000006	-0.0323184262	-0.0491551971	0.0738661941	-0.013279208	0.0316513	0.036712699999999994	-0.0144909	0.000368781	0.00251629	-0.000938644
0.04863239999999999	0.0279740156	-0.0311439884	0.0627338062	-0.0224625659	0.07975886389999999	0.0442283197	-0.0329537047	-0.0480707209	0.0743835138	-0.0160368007	0.023117	0.033015499999999996	-0.034263300000000003	0.000566683	0.002415	-0.0009052660000000001
0.07059565	0.1532025638	0.005272244000000001	-0.0296860585	0.0943769153	-0.0740859386	0.0058061788	-0.0335862026	-0.0469700201	0.0748443478	-0.0187727444	0.0122166	0.0257041	-0.0386131	0.00117517	0.0025612	-0.00111126
0.045081139999999985	0.0801299517	0.0732060682	-0.0518888851	0.0413701802	-0.033526847900000004	0.0433195531	-0.0342158664	-0.0458534661	0.075248346	-0.0214833458	0.00360566	0.032751499999999996	-0.017877299999999995	0.00103449	0.00252815	-0.00111125
0.03724353000000001	-0.0277094526	0.1146024058	-0.0272764316	0.0004507862	-0.0906317539	0.0164527295	-0.034842643	-0.0447214358	0.0755952016	-0.0241649457	0.014786500000000001	0.030354500000000006	-0.00492631	0.000892876	0.00260083	-0.00111125
0.10951584	-0.0943783506	0.0284446665	0.008324548900000001	0.11076564960000004	-0.0543429312	0.0271774445	-0.0354664796	-0.0435743112	0.0758846513	-0.026813924	0.00903957	0.040261	0.027714999999999997	0.000376374	0.00306994	-0.00135006
0.118017785	-0.0668195054	-0.007746400899999999	-0.034298034	0.0113768343	-0.052621691500000005	-0.0144583356	-0.0360873235	-0.0424124796	0.0761164753	-0.0294267048	0.0318804	0.0623539	0.0109623	-3.82131e-05	0.00259671	-0.00111125
0.132078856	-0.0866834885	-0.0598998054	-0.0663959781	-0.049263723	-0.0393186561	0.007015958	-0.0367051223	-0.0412363331	0.0762904975	-0.031999761	0.023083199999999998	0.00040369900000000004	-0.0172447	0.00044498599999999997	0.0027760000000000003	-0.00111125
0.100763361	0.0281590021	-0.1011572128	-0.0508135315	-0.0425481681	-0.0064369479	0.0039179307	-0.0373198239	-0.0400462686	0.0764065858	-0.0345296189	0.014081999999999999	0.045962699999999995	0.00837316	0.00024084	0.00256844	-0.00111125
0.06365406000000001	0.0157651568	-0.1055249134	-0.1132100857	-0.0104627805	0.0210302118	0.0034352967	-0.0379313764	-0.0388426879	0.07646465200000001	-0.0370128635	0.0230985	0.0206498	-0.0195545	0.00025754	0.00257968	-0.00111125
0.014342299999999997	0.0370864634	0.0059424061	-0.1532418336	0.0287731366	0.06263227860000001	-0.0091522972	-0.0385397283	-0.037625997	0.07646465200000001	-0.0394461425	0.0230951	0.0206511	-0.0152231	0.00021070599999999998	0.00242639	-0.00111125
0.11468899	-0.0738660993	0.0565256576	-0.0265022516	0.1192181844	0.039922773	-0.0678061673	-0.0391448281	-0.0363966068	0.0764065858	-0.041826171	-0.00431439	0.05509490000000001	0.0180505	0.000375638	0.0026526999999999996	-0.00111125
0.02586026000000001	-0.0173322682	0.0475813291	0.045870002	0.012955008999999998	-0.045140317	-0.1147682716	-0.0397466248	-0.0351549321	0.0762904975	-0.0441497362	-0.00432555	0.0418456	0.025541900000000003	0.00032648	0.00270571	-0.00111125
0.06745811500000001	-0.014837234	0.0573488354	0.022931867400000003	0.026562216	0.0372232073	0.0092602933	-0.0403450677	-0.0339013921	0.0761164753	-0.0464137013	0.006753399999999999	0.0476463	0.013900799999999998	2.41137e-05	0.00241868	-0.0009218989999999999
0.15127637800000002	-0.044523161500000005	-0.0239061863	0.0389820771	-0.0249736054	0.0237010842	-0.0038212409	-0.0409401062	-0.0326364097	0.0758846513	-0.0486150101	-0.00429998	0.000170917	-0.026033499999999998	0.0007401289999999999	0.00256958	-0.00111125
0.19166744800000002	-0.0114713811	0.0046064038	0.0463108337	-0.0549542437	0.1079271992	0.0148695904	-0.0415316901	-0.031360412000000004	0.0755952016	-0.0507506909	0.019154400000000002	0.056634400000000015	-0.00548413	-7.40023e-05	0.00210478	-0.000566177
0.124142885	-0.0572579772	0.0393831418	0.0232824307	-0.0277092472	0.0760752456	-0.0338459639	-0.0421197696	-0.0300738297	0.075248346	-0.0528178606	0.0188685	0.0189007	-0.042625800000000005	0.00032591	0.00263597	-0.0006147069999999999
0.15930145	0.0174155825	0.0151137601	0.1135348498	-0.1184565512	0.0456950128	-0.0651160036	-0.0427042949	-0.0287770969	0.0748443478	-0.0548137288	0.00881255	-0.028030000000000003	-0.0998551	0.0009607000000000001	0.0026038	-0.0008494569999999998
0.23324945	0.0880786446	0.0472952369	0.1368826624	0.0230898242	0.0928527733	0.0003088899	-0.043285216900000006	-0.0274706514	0.0743835138	-0.0567356009	0.019075400000000003	0.0404048	-0.0218524	0.00016349799999999999	0.00210477	-0.0006147069999999999
0.05443929999999999	-0.015250146	0.0580287231	0.0505235245	0.0611413753	-0.0255956074	-0.0359707791	-0.0438624864	-0.026154934100000003	0.0738661941	-0.0585808827	0.019078599999999998	0.0201267	-0.021866	0.0006799060000000001	0.00227125	-0.0006147069999999999
0.08559263999999997	0.0145981462	-0.0339107541	0.0490926978	0.057322873	0.0010089645	0.0466100104	-0.0444360547	-0.024830389	0.07329278139999999	-0.060347083	0.0190782	0.047197	-0.00215466	0.000144454	0.00203049	-0.0006147069999999999
0.04509906000000001	-0.0003042118	-0.0319623342	0.002912966	0.0386268056	-0.0750783563	0.047030675999999993	-0.0450058734	-0.0234974633	0.0726637112	-0.0620318176	0.019075400000000003	0.0348119	-0.0198114	-8.234439999999997e-05	0.00210478	-0.0006147069999999999
0.15371653999999998	0.0323284725	-0.0731844975	-0.0085253705	0.031212303	-0.141464176	0.050719943600000005	-0.0455718946	-0.022156606800000003	0.0719794612	-0.0636328122	0.033183300000000006	0.008366679999999998	-0.060479599999999994	0.00113759	0.00233475	-0.0006147069999999999
0.041317240000000005	0.0423162382	-0.0193777185	-0.1052256073	-0.0349343661	0.0236116738	-0.0182817706	-0.0461340703	-0.020808272	0.071240551	-0.06514790549999999	0.0190958	0.00307504	-0.0539155	0.0012616000000000005	0.00251822	-0.0006147069999999999
0.180266885	0.0050846573	-0.0340670381	-0.0269329619	0.0126739958	-0.0116528605	-0.0197865764	-0.0466923532	-0.0194529141	0.0704475418	-0.0665750521	0.0334806	0.0516596	-0.0260512	-4.5556499999999997e-05	0.00210478	-0.000546639
0.1898222726	-0.0063198142	-0.0266392875	0.0337605182	0.0032861233000000003	-0.0390005118	-0.0446180931	-0.047246696100000006	-0.0180909906	0.06960103570000001	-0.06791232559999999	0.0233387	-2.04476e-05	-0.0701255	0.00117974	0.00255255	-0.000552093
0.0777413624	0.1036156915	-0.0493287744	-0.0239376549	-0.0723611261	0.0030233659000000004	-0.1027632688	-0.0477970523	-0.016722961	0.0687016755	-0.06915792059999999	0.00993969	-0.0173149	-0.08702819999999999	0.00165138	0.0024839000000000003	-0.0006147069999999999
0.1342693719	-0.0122218826	-0.0539833337	-0.0049591921	-0.0301721065	-0.0454872542	-0.0101006872	-0.0483433754	-0.0153492872	0.0677501442	-0.0703101556	0.0190804	-1.05881e-05	-0.043151	0.000863499	0.00230881	-0.0009306789999999999
0.11939133810000001	-0.071533649	-0.0111256789	0.0077794108	0.0208910862	0.013233863500000002	0.0668165098	-0.0488856192	-0.0139704327	0.0667471644	-0.0713674753	0.0190695	0.036209	-0.0162017	0.000135807	0.00210477	-0.0007381799999999997
0.052778	-0.0440858709	-0.0155206259	0.029191482400000007	-0.0191166358	0.0846780043	-0.0105454358	-0.049423738	-0.0125868629	0.0656934978	-0.0723284522	0.0232071	0.0205608	-0.036974	1.4892e-05	0.00210478	-0.0006147069999999999
0.2310694	0.0281777178	-0.0593081041	0.0446938438	-0.0987903291	-0.051307044	0.07542571990000001	-0.0499576863	-0.0111990449	0.0645899444	-0.0731917891	0.0191071	-0.0328472	-0.10426400000000001	0.00152172	0.00272338	-0.0006147069999999999
0.1841508000000001	0.0237327022	-0.0297566608	0.0107601833	-0.0122315795	-0.019412156200000003	-0.0096352021	-0.0504874192	-0.009807447	0.0634373424	-0.07395632049999999	0.0021721	0.010265100000000001	-0.0512341	0.0007797029999999998	0.00219093	-0.000761712
0.03226237699999998	-0.0145059781	-0.0692914683	-0.0117845054	0.0026252104	0.0008443039	0.0721605736	-0.0510128919	-0.0084125389	0.06223656690000001	-0.0746210144	-0.000940827	0.0102693	-0.0512229	0.00058499	0.00210478	-0.00106353
0.06282402699999999	0.0400576027	-0.07891860120000001	0.0021512596	-0.0227641964	-0.1053908647	-0.0381148592	-0.0515340601	-0.0070147915	0.06098852990000001	-0.0751849734	0.00200596	-0.00248639	-0.06803660000000003	0.000930717	0.00210478	-0.00132396
0.04557577	0.0830317229	0.0541124009	-0.0560483623	-0.0012643182	0.0760579925	0.1104890934	-0.052050879800000005	-0.0056146764	0.059694179000000014	-0.0756474362	-0.00547865	-0.0120522	-0.0561659	0.0010138	0.00210477	-0.00107396
0.01564696999999999	0.0394393054	0.0821858242	-0.0583695721	-0.023802611	-0.0352598813	0.0636640967	-0.0525633074	-0.0042126663	0.0583544972	-0.0760077786	-0.00679187	-0.012042299999999999	-0.052551099999999996	0.0007996289999999999	0.00210478	-0.00107396
0.03563749999999998	0.0006247664	0.034814327400000004	-0.1262190858	-0.012335011000000002	-0.0248282763	0.050685390199999986	-0.0530712997	-0.0028092344	0.0569705018	-0.076265514	-0.00143382	-0.0120325	-0.0527053	0.00058499	0.00249245	-0.00107396
0.039879790000000005	-0.0484026192	0.0244464604	-0.08782996369999999	-0.0163446029	0.0804157183	0.0760240187	-0.0535748137	-0.0014048543	0.0555432438	-0.0764202945	-0.00593552	-0.00594521	-0.044029900000000004	0.000528652	0.00284842	-0.00107396
0.12257304	-0.0597172935	0.0451554332	-0.0901869623	0.0654594549	0.076281455	0.0120593511	-0.054073807	-0.0	0.054073807	-0.0764719113	-0.016538499999999998	0.0318839	-0.023434200000000002	0.00040942699999999997	0.00226846	-0.00144568
0.09295358	-0.0671947625	0.06093402410000001	-0.0412125497	-0.0101452401	0.031094412	-0.0543625105	-0.0545682376	0.0014048543	0.0525633074	-0.0764202945	-0.0139172	0.00114212	-0.0493042	0.0008680769999999998	0.00241875	-0.00138021
0.04858670000000001	-0.0554727449	0.0551158209	0.0298537412	-0.0184530516	-0.0455564124	-0.0706215245	-0.055058063600000005	0.0028092344	0.0510128919	-0.076265514	-0.00142968	0.00113944	-0.044872300000000004	0.000765995	0.0026436999999999997	-0.00107395
0.01541212	-0.0281632381	0.0546519193	0.0076243646	-0.0183172458	0.0310654897	-0.035941770299999995	-0.0555432438	0.0042126663	0.049423738	-0.0760077786	-0.00917919	0.00113348	-0.044898099999999996	0.0009125919999999999	0.00264972	-0.00107395
0.08076668	-0.0274132729	0.0409026847	0.0389045488	0.0226217511	0.1010647586	-0.0090157731	-0.0560237372	0.0056146764	0.0477970523	-0.0756474362	-0.0185788	0.0157346	-0.0448664	0.000377897	0.00243151	-0.00145573
0.05582201000000001	-0.0028844953000000005	0.0189807247	0.08938876009999999	-0.003937615	0.0585029817	-0.1089196202	-0.0564995032	0.0070147915	0.0461340703	-0.0751849734	-0.00144684	0.0011509	-0.044867500000000005	0.00044738199999999997	0.00233593	-0.00113869
0.02785089	0.0109313157	0.0208385994	0.08063346219999999	0.0370755803	0.0879536158	0.0950557304	-0.0569705018	0.0084125389	0.0444360547	-0.0746210144	0.0018612000000000001	0.0011492000000000002	-0.04487940000000002	0.0006984669999999999	0.00251069	-0.00107395
0.07447734999999997	0.0251604681	-0.0662733239	0.0466783887	-0.0154007742	-0.1095727336	-0.0360262953	-0.0574366931	0.009807447	0.0427042949	-0.07395632049999999	-0.0189127	-0.0183475	-0.044909	0.00103752	0.00260098	-0.00132815
0.15457390000000001	0.0497094567	-0.0764521084	0.0120990552	0.0498874804	-0.0224013898	0.0541042755	-0.0578980379	0.0111990449	0.0409401062	-0.0731917891	-0.018159599999999998	0.0446027	-0.014237799999999997	0.00044738199999999997	0.00210478	-0.0012105
0.17774769999999998	0.0540046839	-0.08359657150000001	-0.06412640780000001	0.0290572568	-0.0175601648	-0.0992426425	-0.0583544972	0.0125868629	0.0391448281	-0.0723284522	-0.0224656	-0.007962699999999998	-0.0607337	0.00117461	0.00258459	-0.00149107
0.03551994	0.0277088565	0.1028395384	-0.0668010836	-0.0471389244	0.0416456065	-0.0228462519	-0.0588060324	0.0139704327	0.0373198239	-0.0713674753	-0.0181727	-0.007974139999999998	-0.060729099999999994	0.00101144	0.00234636	-0.00171389
0.17464816999999996	0.0276594338	0.0758655382	0.0348914132	0.0542885405	0.0097760257	-0.0646002079	-0.0592526056	0.0153492872	0.0354664796	-0.0703101556	-0.0343652	0.049417199999999994	-0.00745072	0.00029576099999999996	0.00231977	-0.00150044
0.107712285	-0.0421766836	0.0219935664	0.0801192545	0.0049321215	-0.0894728044	-0.009205887	-0.059694179000000014	0.016722961	0.0335862026	-0.06915792059999999	-0.030020099999999997	0.000213645	-0.0249546	0.000896676	0.00243426	-0.00151823
0.042778234999999984	-0.0208645978	0.023888477400000004	0.0807612826	0.0318769282	-0.0630728825	0.0478525499	-0.06013071530000001	0.0180909906	0.0316804206	-0.06791232559999999	-0.0181888	0.00402408	-0.0249666	0.0005968459999999999	0.002639	-0.00148031
0.034413410000000005	-0.0516538522	-0.0363065405	0.0476072195	-0.0604090134	-0.0156026107	0.013837033500000002	-0.0605621777	0.0194529141	0.0297505811	-0.0665750521	-0.00344222	0.00400175	-0.0270839	0.000534602	0.00259957	-0.00172918
0.10388915	-0.0184695379	-0.056806041	0.0307345845	-0.0216082984	0.0450848768	-0.0198853987	-0.06098852990000001	0.020808272	0.0277981493	-0.06514790549999999	-0.00465262	0.05576369999999999	-0.024978999999999998	0.000256754	0.00264273	-0.00107395
0.08151838500000001	-0.0227344696	-0.087481734	0.040753974500000005	0.0104706047	-0.0039395718	0.0409025827	-0.0614097357	0.022156606800000003	0.025824608	-0.0636328122	0.000611715	0.0211728	-0.025012700000000002	0.000741103	0.00265968	-0.0014052400000000005
0.068291365	0.1334470217	0.0354250059	-0.07979157860000001	-0.0158320272	-0.018194918	0.0108292281	-0.06182575980000001	0.0234974633	0.0238314558	-0.0620318176	-0.0181919	0.025887	-0.0338969	0.0013252400000000005	0.0025863	-0.00146551
0.03514323999999998	0.008322831800000001	0.0875283494	-0.032023423100000004	-0.0201242232	-0.101180199	0.0607838181	-0.06223656690000001	0.024830389	0.0218202064	-0.060347083	-0.00964326	0.031012099999999997	-0.0250824	0.00125063	0.00275664	-0.00145736
0.05899259	-0.0033097679	0.044661318600000006	0.0255192053	0.0344646194	-0.1056963754	-0.07206530309999999	-0.0626421225	0.026154934100000003	0.0197923871	-0.0585808827	-0.014096100000000004	0.025914299999999998	-0.0379873	0.0009147990000000002	0.00255079	-0.0012683
0.04792700000000001	-0.0097650041	-0.0037726078	0.0889975703	-0.0182059285	0.0378310248	0.0195126434	-0.06304239219999999	0.0274706514	0.0177495376	-0.0567356009	-0.00423915	0.0367819	-0.0313998	0.00084413	0.0028596	-0.00123548
0.03743856	0.0629215266	-0.06967527379999999	-0.0238150107	0.0889193942	-0.0581755459	0.0020404738	-0.0634373424	0.0287770969	0.015693209399999998	-0.0548137288	-0.00794121	0.035993300000000006	-0.0250614	0.00102254	0.00268096	-0.00141062
0.04608880999999999	-0.0460953327	0.0372215929	-0.075848236	0.0421691136	-0.0595265079	-0.016763999999999998	-0.0638269397	0.0300738297	0.0136249641	-0.0528178606	0.0134314	0.025905	-0.0250723	0.00115204	0.00256161	-0.00145411
0.06650205	-0.0939262518	0.0027756028	-0.0410971038	0.0463752749	-0.0256578559	-0.0420980016	-0.0642111511	0.031360412000000004	0.0115463721	-0.0507506909	0.023811000000000002	0.0258875	-0.0225542	0.00113028	0.00304806	-0.000890583
0.05764786000000001	-0.0903413963	-0.0300330906	-0.0089746442	-0.0420314912	0.0280213174	-0.0125120207	-0.0645899444	0.0326364097	0.0094590119	-0.0486150101	0.00799438	0.00830541	-0.0250905	0.00113028	0.00279717	-0.00107395
0.15457706	-0.0559690642	-0.0287485221	0.0456612991	0.0222618793	0.0430752308	0.0585479464	-0.0649632876	0.0339013921	0.0073644687	-0.0464137013	0.00991663	0.0774517	-0.00151188	0.000361692	0.00236716	-0.00107395
0.13228604	-0.0589372831	-0.0693401263	0.0443076096	-0.0692642804	0.0305859686	-0.0066579528	-0.065331149	0.0351549321	0.005264333100000001	-0.0441497362	0.0215439	0.023595599999999998	-0.0250278	0.000833517	0.00276107	-0.00107395
0.04380055000000002	0.0966357431	-0.0957884739	-0.0094477438	-0.0738816204	0.0205221542	-0.0123121704	-0.0656934978	0.0363966068	0.0031601998	-0.041826171	0.013460900000000001	0.0438023	-0.0250133	0.0008323260000000001	0.00261936	-0.0009069239999999999
0.04927975999999999	0.0779546887	0.0080928834	-0.0270375398	0.0525121542	0.1250000281	0.0153871912	-0.0660503033	0.037625997	0.0010536666	-0.0394461425	0.00175354	0.047309	-0.029851999999999997	0.00122444	0.00264476	-0.00107395
0.08749972999999997	0.0836318615	0.044873608200000005	-0.0446209346	0.0568441038	0.0376897504	0.0183173663	-0.0664015354	0.0388426879	-0.0010536666	-0.0370128635	0.00283766	0.0484254	0.00178156	0.000632537	0.00216335	-0.00107395
0.10544462999999996	0.0318420186	0.0487454468	-0.0452446335	0.0513092324	0.035625226	0.0018095244	-0.0667471644	0.0400462686	-0.0031601998	-0.0345296189	0.013505600000000001	0.053759100000000004	0.0192097	0.0008411099999999997	0.00294498	-0.000623856
0.09311550999999996	0.036202079500000005	0.0358814584	-0.034726374500000004	0.0145664526	0.0756693856	0.017256718	-0.0670871613	0.0412363331	-0.005264333100000001	-0.031999761	-0.00696451	0.0421065	-0.0261795	0.0008360889999999999	0.0026952	-0.000681127
0.08566356	-0.0005468045	0.04691132	-0.0141084194	0.0341394673	-0.0161645911	-0.031384661	-0.06742149730000001	0.0424124796	-0.0073644687	-0.0294267048	-0.00412968	0.0616335	-0.00232982	0.00122392	0.00229399	-0.000681127
0.10920836	-0.009452535	0.0419916523	0.0507360794	0.011887678	-0.0969322017	-0.0149453194	-0.0677501442	0.0435743112	-0.0094590119	-0.026813924	0.013504599999999999	0.0229455	-0.0364274	0.00122392	0.00266976	-0.000681127
0.0589514	-0.0605709675	-0.0372947134	-0.017036489199999998	-0.0835584531	0.0183321881	0.0464373435	-0.0680730743	0.0447214358	-0.0115463721	-0.0241649457	0.013479499999999998	0.0422519	-0.0316524	0.000988695	0.00277744	-0.00103512
0.036975148000000006	-0.0392381308	-0.1067409605	0.0233105176	-0.0284765334	0.041402918	0.0579066017	-0.0683902603	0.0458534661	-0.0136249641	-0.0214833458	0.000545852	0.0390031	-0.038456199999999996	0.000902237	0.00292557	-0.00108031
0.062463798	0.0613344209	-0.06793670480000001	-0.0100980836	-0.0250440023	-0.0319986194	-0.0731649491	-0.0687016755	0.0469700201	-0.015693209399999998	-0.0187727444	0.0134964	0.0488209	-0.0316759	0.00122392	0.00281422	-0.00085504
0.04870276000000001	0.0554533545	0.0549131029	-0.0604860334	-0.0011153176	0.0009083584	0.0235376754	-0.0690072935	0.0480707209	-0.0177495376	-0.0160368007	0.00501489	0.0229477	-0.026820799999999995	0.00122392	0.00270108	-0.000778321
0.03905356	-0.0155836531	0.0800404688	0.0094021443	-0.0222049383	-0.0252153611	0.0072562053	-0.0693070887	0.0491551971	-0.0197923871	-0.013279208	0.0211611	0.0229513	-0.0251981	0.000999993	0.00259658	-0.000681127
0.041983900000000005	-0.069292229	0.0248433021	-0.0112660498	-0.026582769	-0.0367431959	0.0233973493	-0.06960103570000001	0.0502230825	-0.0218202064	-0.0105036891	0.029055200000000007	0.0278601	-0.020740599999999998	0.000651083	0.00274214	-0.000681127
0.08091093999999999	-0.0814709995	0.0005656748	-0.06606766530000001	0.0181351745	0.0315730256	-0.0214592343	-0.0698891096	0.0512740168	-0.0238314558	-0.0077139906999999985	0.0224165	0.0584405	-0.008225009999999998	0.0004971859999999999	0.00240089	-0.0008095049999999998
0.10520369	-0.0843439127	-0.0248898392	0.0318993892	-0.0473320343	0.0199159119	-0.0698272739	-0.0701712863	0.0523076453	-0.025824608	-0.0049138787	0.0135126	0.0338937	-0.0317514	0.00118237	0.00255186	-0.000681127
0.05340660000000001	-0.0016597218	-0.0026745257	0.0669926517	-0.0464364814	0.0487313449	-0.050481682400000005	-0.0704475418	0.0533236191	-0.0277981493	-0.0021071332000000003	0.0134915	0.0462741	-0.0192558	0.00079048	0.00237356	-0.000681127
0.05545862000000002	0.0407977198	-0.0745967408	0.0557558851	0.0093819137	-0.0092685156	0.082555719	-0.0707178529	0.0543215953	-0.0297505811	0.0007024567999999999	0.00251823	0.046266800000000004	-0.016518900000000003	0.00120113	0.00239368	-0.00108518
0.05935357999999999	-0.0257389373	-0.0289711516	0.0018491384	-0.0555112265	-0.013566968600000002	0.0085907725	-0.0709821967	0.055301237	-0.0316804206	0.0035110985	0.00925971	0.0338383	-0.0317147	0.0008734939999999999	0.0025456999999999997	-0.00110528
0.07142073	0.07324487639999999	-0.06761091059999999	0.0103995981	0.007378723	0.0290770833	-0.0471332443	-0.071240551	0.056262213600000006	-0.0335862026	0.0063150004	-0.00843702	0.029764999999999996	-0.0481801	0.00126373	0.0023278	-0.00116085
0.06209708	0.1125724337	0.0046806462	-0.0026029268	0.0221722055	-0.0443955143	-0.05312903150000002	-0.071492894	0.0572042008	-0.0354664796	0.0091103773	-0.0181742	0.0297723	-0.0197305	0.00140791	0.00261427	-0.00111344
0.05145694999999999	0.0556554848	0.0379747729	0.0064106793	0.0446028313	0.0267565411	0.0105760426	-0.0717392043	0.058126880599999986	-0.0373198239	0.0118934557	-0.0102932	0.042145300000000004	-0.00557355	0.0013919300000000006	0.0028052	-0.00097943
0.08160634000000001	0.024119423	-0.0521596867	-0.0570138743	0.0128799146	-0.0560103944	0.0355805656	-0.0719794612	0.0590299417	-0.0391448281	0.0146604784	0.00699566	0.0514263	0.00262438	0.0006374180000000001	0.00268405	-0.000918321
0.14974603000000006	-0.0211236916	0.06688484559999999	-0.08825860630000001	-0.0728862777	-0.0432668795	-0.0400012086	-0.0722136444	0.0599130791	-0.0409401062	0.0174077102	-0.0103075	0.007718059999999999	-0.0361787	0.00137115	0.00261427	-0.00111344
0.08396599	-0.0223023852	0.08755054970000001	-0.0311379203	-0.0154717819	0.0087250924	0.0882270799	-0.0724417342	0.0607759948	-0.0427042949	0.0201314424	0.00169895	0.048173	-0.0328101	0.001274	0.00275535	-0.0007889499999999999
0.07602754999999999	-0.1178461718	-0.0048930997	-0.0211807143	0.0112999873	-0.0223301643	-0.029559439500000007	-0.0726637112	0.0616183977	-0.0444360547	0.0228279981	-0.0102962	0.0151939	-0.0361909	0.00148152	0.00277679	-0.00111344
0.14654685	-0.0062867737	0.0440734516	0.0111462245	0.0106722792	0.1149583817	-0.0188370504	-0.0728795568	0.0624400033	-0.0461340703	0.0254937371	-0.010315800000000002	0.0629084	-0.0041776	0.000604611	0.00231771	-0.00111344
0.20922647	-0.0602369388	0.0478117944	0.06678244929999999	-0.0522373319	0.030391342	-0.0571987836	-0.0730892528	0.0632405343	-0.0477970523	0.0281250608	-0.019055799999999998	-0.00275282	-0.05937290000000001	0.0015505	0.00261427	-0.00146359
0.16555617	0.0296856045	-6.19841e-05	0.0977317226	0.0075367557999999986	0.0809938831	0.1238678544	-0.07329278139999999	0.0640197207	-0.049423738	0.0307184169	-0.0342365	0.0613694	-0.011839299999999999	0.0008736669999999997	0.00261427	-0.00156115
0.06009401	0.0325287444	-0.0686441924	0.051086134000000005	0.049133163499999986	0.0591746117	0.0418350531	-0.0734901255	0.0647772993	-0.0510128919	0.0332703046	-0.00999944	0.0539942	-0.016552899999999995	0.0012211600000000006	0.00261427	-0.00143328
0.08647837599999998	0.0664944655	-0.0371459349	-0.0256591298	0.0247688152	-0.0771174798	0.0165021978	-0.0736812685	0.0655130144	-0.0525633074	0.0357772789	-0.000984364	0.0389476	-0.0318631	0.00184345	0.00261427	-0.00111344
0.137972937	0.0561192821	0.0200216039	-0.0242112621	0.0438228484	-0.0583643916	0.08886294019999999	-0.0738661941	0.0662266179	-0.054073807	0.0382359556	-0.000964407	0.0724794	0.00631648	0.000923058	0.00220983	-0.00111344
0.072831973	-0.0097688089	0.0835772455	-0.1082179531	0.0072080826	-0.0236376828	0.0109669425	-0.0740448868	0.06691786870000001	-0.0555432438	0.0406430156	-0.0010103	0.0554733	-0.0168944	0.00129925	0.00238031	-0.0012181500000000005
0.108676	-0.1003258951	0.0531503418	0.0267970449	-0.0228572312	-0.0258781213	-0.037095699700000005	-0.0742173316	0.0675865336	-0.0569705018	0.042995209400000005	-0.020683700000000003	0.03880019999999999	-0.035829900000000005	0.00199581	0.00261427	-0.0013555100000000005
0.18495886	0.0351661954	-0.0550332348	0.079592311	0.0316695298	-0.0360915042	-0.0309180288	-0.0743835138	0.068232387	-0.0583544972	0.0452893617	-0.00330424	0.03864	0.00741725	0.000764989	0.00136958	-0.00136344
0.13612663000000005	0.0373122664	-0.0500655918	-0.02322757	0.0436681411	0.0006456046	-0.0466009096	-0.0745434195	0.0688552108	-0.059694179000000014	0.0475223755	0.016841299999999997	0.0804258	-0.00980599	0.00105439	0.00196962	-0.00111344
0.08446856000000001	0.0585888943	-0.06853246269999999	-0.0033086469	0.0071008531	-0.0051403572	-0.0392562741	-0.0746970351	0.06945479480000001	-0.06098852990000001	0.0496912363	0.037498500000000004	0.0698375	-0.0266183	0.00119044	0.00224644	-0.0007980949999999998
0.08987148999999997	-0.0330537702	0.0667613457	-0.0086318786	0.0375250033	-0.033880510499999995	-0.1060721034	-0.0748443478	0.0700309366	-0.06223656690000001	0.0517930163	0.016867700000000003	0.038567000000000004	-0.00286736	0.00146219	0.00224784	-0.00080933
0.07052694	-0.0322014128	0.0418679266	0.1048165499	0.009753295	-0.1045850853	-0.030712703	-0.074985345	0.0705834418	-0.0634373424	0.0538248781	0.0231139	0.046478	-0.0226076	0.00141774	0.00263187	-0.00111344
0.05027490000000001	-0.0564863064	-0.0461267315	-0.0095889168	0.0367560998	-0.0348416307	0.0955903142	-0.07512001480000001	0.071112124	-0.0645899444	0.0557840789	0.023899200000000002	0.0709929	-0.0257474	0.00145468	0.00247168	-0.0008738719999999999
0.1799731	-0.0819964457	-0.0493027442	0.0112787544	-0.0391291942	-0.050694479400000006	0.0131162325	-0.075248346	0.0716168046	-0.0656934978	0.0576679738	0.016853799999999995	0.0189858	-0.06997610000000001	0.00232788	0.00289275	-0.00111344
0.07128319999999999	0.092044981	-0.0647244429	0.0171064496	-0.0246447784	0.0413824928	-0.1058763797	-0.0753703276	0.07209731330000001	-0.0667471644	0.0594740196	0.0168483	0.0409601	-0.0662537	0.00170942	0.00259959	-0.00111344
0.013305700000000007	0.0555774662	0.10294585	-0.0512732	-0.0232771512	0.0511289508	0.0341618217	-0.0754859494	0.072553488	-0.0677501442	0.0611997783	0.0168357	0.041412199999999996	-0.056473199999999994	0.0017547	0.00258366	-0.00111344
0.042127	-0.0610900503	0.0821513383	-0.0105450399	0.0371294892	0.0482116111	0.0345106605	-0.0755952016	0.0729851746	-0.0687016755	0.0628429202	0.0168025	0.053187599999999995	-0.0514183	0.00187865	0.00220234	-0.00111344
0.04907430000000002	-0.0554803537	0.0470346564	0.0489581119	-0.0033528373	-0.019653899	-0.0383776091	-0.0756980751	0.0733922276	-0.06960103570000001	0.0644012271	0.0168317	0.0285471	-0.047329699999999995	0.00206949	0.00241782	-0.00111344
0.0837892	-0.003209369	-0.0717128886	0.0708943989	0.0440250975	0.0089573246	0.08818302630000001	-0.075794561	0.07377450940000001	-0.0704475418	0.0658725953	0.0042233	0.0522187	-0.015596	0.00178571	0.00238609	-0.00111344
0.009930580000000005	0.0406784282	-0.0608241176	-0.0676590768	0.0194630093	-0.0693094264	-0.0044367959	-0.0758846513	0.0741318911	-0.071240551	0.0672550387	0.00769298	0.052158	-0.015635699999999995	0.00180042	0.00249859	-0.00111344
0.060433480000000026	-0.0090446536	-0.07726301669999999	-0.1103207135	-0.014806611200000003	0.0337221708	0.0532287442	-0.0759683385	0.0744642521	-0.0719794612	0.0685466909	-0.0062221	0.052176099999999996	-0.053730999999999994	0.00178028	0.00235063	-0.00111344
0.102	-0.0399616277	0.0580258937	-0.0747935562	-0.0153095691	0.0963195806	-0.107841866	-0.07604561530000001	0.0747714801	-0.0726637112	0.0697458083	-0.017342700000000003	0.031511000000000004	-0.07519979999999997	0.00236657	0.00235823	-0.00149446
0.028841000000000006	-0.0298944586	0.0433047629	0.08771668880000001	-0.08297459480000001	0.022267611	0.0061190349	-0.0761164753	0.07505347150000001	-0.07329278139999999	0.0708507721	-0.0232774	0.016715099999999997	-0.07519589999999997	0.00232814	0.00235823	-0.00161816
0.0373095	-0.013016088	-0.023263542	0.0751208007	-0.044201507300000005	0.0277221887	0.08201159940000001	-0.0761809126	0.0753101311	-0.0738661941	0.0718600907	-0.017349700000000003	0.012995099999999999	-0.07517809999999997	0.00205275	0.0021037	-0.0015952
0.04945650999999999	0.0735584589	-0.08781894859999999	0.013895451299999998	-0.034925733	0.0076460463	-0.0349563538	-0.0762389216	0.0755413723	-0.0743835138	0.0727724016	-0.0235333	0.00617219	-0.0813961	0.00185781	0.00235823	-0.00175037
0.037363421	0.08934272859999999	0.0131350417	-0.0428537739	-0.0096002849	0.0273718123	0.0531756536	-0.0762904975	0.075747117	-0.0748443478	0.0735864732	-0.0254025	-0.000296231	-0.0891944	0.00192794	0.0020309	-0.00172328
0.09730033099999998	0.0184869644	0.0749263659	-0.0565272039	0.0266988776	0.0491119939	-0.0291313107	-0.076335636	0.0759272958	-0.075248346	0.0743012064	-0.022778	0.029769599999999997	-0.0615744	0.00149521	0.00222582	-0.0016111299999999995
0.0382607	-0.0765777528	0.0331014494	-0.008940375799999999	0.0300517604	-0.0235712165	-0.0689163958	-0.0763743332	0.0760818478	-0.0755952016	0.0749156366	-0.024703299999999997	0.028745599999999996	-0.0646628	0.00200726	0.00235823	-0.0016111299999999995
0.04694999999999999	-0.0118749456	0.0819018663	0.028794695	-0.0278856094	-0.0487426337	-0.0437264222	-0.0764065858	0.0762107209	-0.0758846513	0.0754289341	-0.01734	0.016743099999999997	-0.0826205	0.00202871	0.00218715	-0.0016111299999999995
0.07552214999999997	0.0181288673	-0.0513043984	0.0816019821	-0.0046923561	0.0150973488	0.0251136581	-0.0764323912	0.0763138717	-0.0761164753	0.07584040610000001	-0.00824705	0.0388195	-0.0701787	0.00186673	0.00189858	-0.0014234600000000005
0.10306951799999996	0.0313125581	-0.0738213883	0.0545967074	0.045645712000000005	-0.0928986642	0.1166425508	-0.0764517471	0.07639126519999999	-0.0762904975	0.0761494972	-0.0008550319999999999	0.0614731	-0.0248898	0.00176477	0.00216365	-0.0016111299999999995
0.05842486799999999	0.0390510628	-0.0407581599	-0.0765776925	0.0296485681	0.0421111836	0.0143251722	-0.07646465200000001	0.0764428754	-0.0764065858	0.0763557899	-0.0295782	0.06369680000000001	-0.0249203	0.0021014	0.00195133	-0.0016111299999999995
0.11377589999999994	-0.0646061757	0.0457290611	-0.0636724369	-0.0320024629	-0.0015254664000000002	-0.0727513826	-0.0764711047	0.0764686849	-0.07646465200000001	0.076459006	-0.0192577	0.024824799999999998	-0.06395369999999999	0.00192146	0.0020677	-0.0013964400000000005
